temperature_actual,temperature_pred_rnn,temperature_pred_anfis,humidity_actual,humidity_pred_rnn,humidity_pred_anfis,pressure_actual,pressure_pred_rnn,pressure_pred_anfis,wind_actual,wind_pred_rnn,wind_pred_anfis,irradiance_actual,irradiance_pred_rnn,irradiance_pred_anfis
29.7,29.659523,29.442907577753072,78.5,77.614655,78.42062196731568,1011.01,1011.0471,1010.8619361367821,0.0,1.261124,1.2884817892313003,0.0,13.722867,0.0
29.7,29.719742,29.530131353437906,78.6,77.13769,77.7490300655365,1011.01,1011.11304,1010.8817288017273,0.0,0.8771515,0.8920831920206547,0.0,24.060055,10.709731839597225
29.7,29.706587,29.82167900204659,78.7,77.09049,77.59233269691468,1010.98,1011.1568,1010.950298371911,0.0,0.6245603,0.6318450175225735,0.0,24.168312,11.426927521824837
29.7,29.67534,30.020077675580982,78.7,77.215126,77.6567919254303,1011.0,1011.1654,1010.9901118218899,0.0,0.45471573,0.456575373634696,0.0,22.150978,8.619364351034164
29.7,29.648632,30.12133190631867,78.6,77.38164,77.78880786895752,1011.03,1011.1628,1011.0113002002239,0.0,0.33885232,0.33698171839118,0.0,19.789114,5.118057131767273
29.7,29.633219,30.173232328891757,78.5,77.5209,77.9058090209961,1011.02,1011.1605,1011.025153015852,0.0,0.25870678,0.25433713022619486,0.0,17.68598,1.9205142743885517
29.7,29.628647,30.201475003361708,78.6,77.62518,77.99625506401063,1011.02,1011.1525,1011.0273091971874,0.0,0.20390159,0.19767702799290418,0.0,15.909537,0.0
29.7,29.62568,30.215308547019962,79.0,77.74555,78.11069045066834,1011.0499999999998,1011.1432,1011.0242945212126,0.0,0.16604581,0.15859326764941215,0.0,14.5399275,0.0
29.7,29.613125,30.214073187112813,79.1,77.95515,78.32344079017639,1011.0499999999998,1011.14075,1011.0260650902986,1.43,0.13873672,0.13092662628740073,0.0,13.690397,0.0
29.7,29.5525,29.780772772431376,79.2,78.573746,79.14085369110109,1011.04,1011.08185,1010.9024173048139,1.6599999999999997,0.5129496,0.5179771262407303,0.0,3.6084652,0.0
29.7,29.544523,29.22108234763146,79.6,78.927956,79.65335688591004,1011.02,1011.04236,1010.8256575334071,1.6399999999999997,0.8390748,0.8554359284043312,0.0,2.6898532,0.0
29.7,29.560808,29.133743932843213,79.3,79.13238,79.95970420837403,1011.04,1011.028,1010.8191112580895,1.5400000000000005,1.0584544,1.0829217886924745,0.0,5.763516,0.0
29.7,29.60347,29.26318854093552,79.3,79.04238,79.90778403282167,1011.06,1011.048,1010.8579231309891,1.57,1.1780915,1.2073970061540604,0.0,9.653166,0.0
29.7,29.636784,29.39213361591101,79.2,78.912315,79.8000162601471,1011.06,1011.08136,1010.9124028354883,1.57,1.2684842,1.3018127326667308,0.0,12.418762,0.0
29.7,29.666918,29.49182084649802,78.6,78.73092,79.62636008262635,1011.04,1011.11554,1010.9636977887153,1.43,1.3306049,1.3667767256498338,0.0,14.636978,0.0
29.7,29.715607,29.59118839502335,78.9,78.33545,79.20091004371643,1011.08,1011.1478,1010.9958684039116,1.45,1.3326014,1.368782351911068,0.0,16.810745,0.0
29.6,29.730263,29.635546872019773,79.0,78.13757,78.98958325386047,1011.1,1011.1771,1011.0269438803195,0.0,1.3415896,1.3784214970469475,0.0,17.888979,0.0
29.6,29.759535,29.674210065603262,79.1,77.55069,78.18861994743348,1011.09,1011.25726,1011.0299301427602,1.43,0.92966616,0.9529349817335606,0.0,26.827843,12.788044288754463
29.6,29.662502,29.521452423930175,79.3,77.946106,78.66806359291077,1011.13,1011.2472,1011.0307115149498,1.61,1.0670869,1.095481364876032,0.0,17.238796,0.0
29.7,29.602509,29.44166408628226,78.9,78.23931,79.04013333320619,1011.11,1011.2298,1011.0370014595985,0.0,1.2086776,1.2421031770110131,0.0,14.633566,0.0
29.6,29.68656,29.637902155518535,78.8,77.65851,78.26791954040527,1011.11,1011.2662,1011.0377682191133,1.45,0.8402103,0.8605500522255898,0.0,24.678394,10.141068138182163
29.7,29.61872,29.452470456063754,78.8,77.99465,78.69904971122742,1011.15,1011.24,1011.0168830537796,1.61,1.0103562,1.0364017918705941,0.0,15.116721,0.0
29.7,29.616383,29.44575968384743,78.8,78.11794,78.89673743247987,1011.13,1011.21423,1011.013580995202,0.0,1.1677986,1.19890188023448,0.0,13.249129,0.0
29.7,29.698334,29.67696523070336,78.5,77.56535,78.15898704528809,1011.13,1011.2554,1011.0291861140728,0.0,0.81213915,0.8308563403785229,0.0,23.625582,8.65930411964655
29.8,29.713022,29.99120169579983,78.4,77.351265,77.83397321701051,1011.15,1011.28467,1011.087511793375,0.0,0.57888526,0.5897127632796765,0.0,23.504868,9.21738613396883
29.8,29.728556,30.19183383882046,78.7,77.26099,77.67355661392213,1011.18,1011.293,1011.1262605476379,1.45,0.4205692,0.42587161876261237,0.0,21.901741,7.161593064665794
29.7,29.67031,29.783296108245853,78.8,77.810905,78.38597006797791,1011.18,1011.24133,1011.0307192271947,1.6399999999999997,0.71704984,0.7324510956555605,0.0,10.738015,0.0
29.7,29.631725,29.47527885437012,78.8,78.176926,78.88341345787049,1011.2,1011.2098,1010.9910738229752,1.61,0.9749179,0.9993530459702015,0.0,8.3315525,0.0
29.7,29.63064,29.461778545379644,78.6,78.30599,79.0869613647461,1011.2,1011.20905,1011.0087880378961,1.61,1.1411214,1.171832709312439,0.0,9.855688,0.0
29.7,29.648235,29.53420096188784,78.5,78.25232,79.072109746933,1011.18,1011.22485,1011.0484638851881,1.6599999999999997,1.2538065,1.2889172787964345,0.0,11.876479,0.0
29.7,29.668272,29.59608869850636,78.5,78.131454,78.97767720222474,1011.18,1011.2398,1011.0886024671793,1.45,1.3459016,1.3844236482679844,0.0,13.433173,0.0
29.7,29.695791,29.64921905994416,78.5,77.90137,78.7295238018036,1011.1699999999998,1011.2623,1011.1102093362808,1.61,1.3471026,1.3857806369662284,0.0,16.27691,0.0
29.7,29.701572,29.664661218225962,78.8,77.80183,78.642223072052,1011.2,1011.2716,1011.1345337569713,1.61,1.3972657,1.4376698568463326,0.0,16.433598,0.0
29.7,29.696215,29.655687639117247,78.6,77.78585,78.63709716796876,1011.2,1011.28284,1011.1557964164018,1.4999999999999998,1.4309287,1.4728001815080642,0.0,17.354355,0.0
29.8,29.703968,29.675578559935097,79.0,77.67008,78.5078917503357,1011.1900000000002,1011.29663,1011.1654562062025,0.0,1.4211724,1.4628004342317582,0.0,18.63396,0.0
29.8,29.779476,29.770134454965596,79.1,77.14829,77.76881346702577,1011.24,1011.344,1011.117467776537,0.0,0.981669,1.0082474227249623,0.0,28.420015,15.456190332770348
29.8,29.771187,29.99181682467461,78.8,77.133484,77.63326678276063,1011.2,1011.3817,1011.1672884732485,0.0,0.6936625,0.7112985222041607,0.0,27.977541,15.316484495997429
29.8,29.752966,30.18002967834473,78.9,77.21482,77.64305720329286,1011.24,1011.38446,1011.2021742045879,0.0,0.5006369,0.5117542400956154,0.0,25.211588,11.53088454157114
29.8,29.730156,30.27509722411633,79.0,77.39632,77.78468632698059,1011.22,1011.3814,1011.2260204660893,0.0,0.3687839,0.37566705353558066,0.0,22.36928,7.433220278471708
29.8,29.711979,30.312866902351384,79.0,77.62285,77.99284529685974,1011.23,1011.3647,1011.2275763100386,0.0,0.27921546,0.28309753857553005,0.0,19.833923,3.6216722801327705
29.8,29.70201,30.331484675407413,79.6,77.826164,78.18682503700256,1011.26,1011.3491,1011.2239243590832,0.0,0.21686621,0.21870669323951006,0.0,17.707766,0.32470456790179014
29.8,29.679636,30.327544853091243,79.1,78.16245,78.52867670059204,1011.34,1011.33984,1011.2224448257684,0.0,0.17239308,0.1734504440240562,0.0,16.356827,0.0
29.8,29.678589,30.3428599357605,79.1,78.28291,78.64045910835267,1011.3,1011.3596,1011.2487082672119,0.0,0.13777474,0.13867668258026242,0.0,15.15536,0.0
29.8,29.682518,30.354610842466357,78.9,78.37532,78.7284125328064,1011.32,1011.36865,1011.2616607797146,0.0,0.11485968,0.11560107994824648,0.0,14.27941,0.0
29.8,29.69399,30.371706578135495,79.0,78.37904,78.7237620830536,1011.33,1011.38275,1011.278673992157,0.0,0.09844479,0.09913949182257056,0.0,13.522684,0.0
29.8,29.700857,30.382876157760624,78.6,78.40111,78.74090375900269,1011.32,1011.3959,1011.2938326126337,1.43,0.087255724,0.08810077636502683,0.0,13.068602,0.0
29.9,29.669668,30.210631462931637,78.6,78.718094,79.24062314033509,1011.36,1011.3489,1011.181293504238,1.43,0.474883,0.48849031433463097,0.0,2.8732867,0.0
29.9,29.717081,29.922991588711742,78.4,78.688774,79.31783523559571,1011.35,1011.3318,1011.128508464098,0.0,0.74331784,0.7659487584233284,0.0,4.1288285,0.0
29.9,29.829115,30.295244050025943,78.2,78.03835,78.52691836357117,1011.42,1011.3914,1011.2107786345482,0.0,0.5234467,0.538890086710453,0.0,16.182035,0.0
29.9,29.867271,30.455852317810063,78.4,77.68248,78.07957491874696,1011.41,1011.4593,1011.3053023445606,0.0,0.37657154,0.3880607884377241,0.0,18.099562,0.0
29.8,29.86474,30.50041073560715,78.9,77.57019,77.91567540168762,1011.4,1011.49945,1011.3647974437475,1.61,0.2787959,0.2877448879182339,0.0,17.93082,0.0
29.8,29.755148,30.17798211872578,79.4,78.207115,78.75514488220216,1011.45,1011.4595,1011.2638116842508,1.73,0.66341823,0.6859136489033699,0.0,6.110251,0.0
29.8,29.698223,29.822436353564267,79.3,78.6484,79.34761724472047,1011.45,1011.44006,1011.2323765736818,1.5199999999999996,0.9626369,0.9962081311643124,0.0,5.7168455,0.0
29.7,29.700035,29.77865250706673,78.7,78.72738,79.48679032325745,1011.45,1011.4499,1011.2563580024242,1.5199999999999996,1.1053632,1.1446185834705829,0.0,9.61937,0.0
29.6,29.703075,29.80140079557896,78.4,78.56776,79.35129427909851,1011.41,1011.4796,1011.3031554991006,1.4699999999999998,1.2023451,1.2454266077280045,0.0,11.742979,0.0
29.6,29.693962,29.805062869191175,78.7,78.300415,79.08435339927674,1011.44,1011.5043,1011.3363802564144,1.45,1.2547476,1.299455608576536,0.0,13.340264,0.0
29.6,29.673906,29.785859942436222,78.6,78.126,78.90801329612732,1011.42,1011.5256,1011.3612814718484,1.4999999999999998,1.2847204,1.330433742403984,0.0,14.853284,0.0
29.5,29.657215,29.759166251122956,78.4,77.969185,78.75497045516968,1011.49,1011.53107,1011.3735411000251,1.4699999999999998,1.3206435,1.367122868001461,0.0,15.468627,0.0
29.4,29.620722,29.720077505707746,78.9,77.79146,78.56807470321655,1011.51,1011.55817,1011.3991615837812,0.0,1.3340396,1.3810023908317088,0.0,16.08853,0.0
29.3,29.601864,29.8249175965786,79.3,77.30636,77.87542777061464,1011.51,1011.6309,1011.3961172765493,1.43,0.91757756,0.9506605997681618,0.0,25.231808,10.935377329587936
29.2,29.431519,29.50521209686995,79.7,77.895615,78.56084442138672,1011.53,1011.62823,1011.3996206653118,1.5199999999999996,1.0536501,1.0923104760050775,0.0,15.49165,0.0
29.1,29.291437,29.208941125869757,79.6,78.3753,79.12054700851441,1011.57,1011.6176,1011.4026300644874,0.0,1.1671257,1.210255492180586,0.0,13.18036,0.0
29.1,29.25394,29.312673410773282,79.8,78.08326,78.65640230178833,1011.56,1011.67456,1011.4445530164242,0.0,0.8022842,0.8334125097095967,0.0,22.041008,8.223872631788254
29.0,29.176071,29.473384997248655,79.9,78.15706,78.63707466125489,1011.6,1011.7037,1011.5173744690418,0.0,0.56335896,0.5868779752403498,0.0,21.590502,8.569564670324326
29.0,29.075548,29.488941635191445,80.3,78.36001,78.7874363899231,1011.58,1011.7226,1011.5782634550333,0.0,0.40047857,0.41900763735175134,0.0,19.338161,6.0023656114935875
28.9,28.991179,29.41578689962626,80.5,78.67141,79.07763514518739,1011.64,1011.7145,1011.5990272539854,0.0,0.29037943,0.3053848261013627,0.0,17.246515,3.275580471381545
28.9,28.902287,29.286096909642225,80.9,79.009346,79.40756950378419,1011.63,1011.7186,1011.6230289781093,0.0,0.21314876,0.22624530859291553,0.0,15.230402,0.5343235097825527
28.9,28.83408,29.167990252375606,80.8,79.380165,79.783127784729,1011.59,1011.7118,1011.6279627853631,0.0,0.15991835,0.17185196792706847,0.0,13.902664,0.0
28.9,28.800684,29.107723566889767,80.8,79.62643,80.03403263092042,1011.65,1011.6932,1011.61580706954,0.0,0.12391365,0.1346614246070385,0.0,12.717888,0.0
28.9,28.78513,29.083045227825647,80.8,79.7889,80.19644389152528,1011.68,1011.69305,1011.6202034550905,1.43,0.096804805,0.10708780119195581,0.0,11.993244,0.0
28.9,28.71824,28.521549595892434,81.1,80.36613,80.96893620491028,1011.64,1011.65204,1011.5031733846664,0.0,0.4747262,0.4983763916045427,0.0,2.3785977,0.0
28.9,28.78438,28.90157902091742,80.9,80.14228,80.66851658821106,1011.66,1011.6762,1011.5528986930847,0.0,0.33213255,0.3513848953321576,0.0,12.428969,0.0
28.9,28.809477,29.06692193150521,81.2,80.042786,80.51971344947816,1011.69,1011.70874,1011.6060754340887,0.0,0.23702142,0.2538290739431977,0.0,13.83622,0.0
28.9,28.807352,29.109183900058273,81.0,80.09116,80.54137053489686,1011.7,1011.73755,1011.6488077658414,1.45,0.17213102,0.1877789232134819,0.0,14.06011,0.0
28.9,28.745975,28.510380335152156,80.7,80.58464,81.21640877723695,1011.7,1011.7093,1011.5463213658333,0.0,0.53372395,0.5623061972856521,0.0,4.2804184,0.0
29.0,28.830324,28.99187445491553,80.6,80.122505,80.65170125961305,1011.74,1011.7506,1011.6174144637585,0.0,0.37071574,0.3939735478162765,0.0,13.993443,0.0
28.9,28.885445,29.241087588667874,80.9,79.86251,80.32548894882203,1011.75,1011.7908,1011.6814983487129,1.4999999999999998,0.26294103,0.28315979599952695,0.0,15.597895,0.0
28.9,28.810406,28.591214774549012,80.9,80.356094,80.99493427276612,1011.79,1011.7712,1011.590519835949,0.0,0.61260146,0.6455331712961196,0.0,5.711451,0.0
28.9,28.868576,29.059723424911503,81.1,79.97262,80.50196690559387,1011.78,1011.8253,1011.6792820930481,0.0,0.42293826,0.45016384080052374,0.0,15.64686,0.0
28.9,28.86674,29.20672264397145,81.2,79.92136,80.39280371665956,1011.79,1011.8643,1011.7477489686012,0.0,0.2995057,0.32351217966526746,0.0,16.690552,0.4266612231731415
28.9,28.848328,29.224602995812898,81.2,79.98064,80.42007622718812,1011.85,1011.8858,1011.7893423235416,0.0,0.21618366,0.23807421915233135,0.0,16.173452,0.0
28.8,28.829008,29.209044604003434,81.5,80.06258,80.48133668899537,1011.85,1011.9093,1011.8264098083973,0.0,0.1582165,0.17901206260547042,0.0,15.336111,0.0
28.8,28.779486,29.117587631940847,81.7,80.26705,80.68206562995911,1011.88,1011.926,1011.852279113531,1.5199999999999996,0.11937783,0.13978480894118547,0.0,14.254674,0.0
28.8,28.670727,28.510211007297045,81.8,80.99728,81.62617726325989,1011.84,1011.88696,1011.7314964270591,1.43,0.5180839,0.5529288903623819,0.0,3.5269408,0.0
28.8,28.65634,28.100581574440007,81.8,81.27375,82.02317600250245,1011.87,1011.8585,1011.6607548451424,1.43,0.76595074,0.8094755789637565,0.0,4.7507434,0.0
28.8,28.67253,28.05019075274468,81.8,81.331535,82.15062308311462,1011.92,1011.8606,1011.6498481070995,0.0,0.93346846,0.9832720649242401,0.0,7.2465687,0.0
28.8,28.763697,28.578389225900178,81.7,80.721985,81.36863012313843,1011.95,1011.9358,1011.7458014237881,0.0,0.6312214,0.6714793432503938,0.0,18.722893,1.7201113514602184
28.8,28.774532,28.93297977149487,81.9,80.47776,81.02065663337709,1011.96,1012.0018,1011.8547421610356,0.0,0.43360275,0.4682989598065615,0.0,19.812584,4.042148590087891
28.8,28.752718,29.028504438698295,81.9,80.464966,80.94959168434144,1011.98,1012.04083,1011.9272007322311,0.0,0.30179226,0.33295881770551206,0.0,19.049555,3.356460714712739
28.9,28.729076,29.030480886995797,81.8,80.52887,80.97980694770814,1011.96,1012.06354,1011.9720892453194,0.0,0.21350887,0.2423941033706069,0.0,17.745823,1.7184140160679817
28.9,28.743258,29.071035067737107,82.1,80.565445,80.99583735466004,1011.97,1012.0599,1011.9808755218983,0.0,0.1552369,0.18217002023011447,0.0,16.716957,0.22904318757355213
28.7,28.748825,29.080541025102143,82.9,80.71154,81.13708386421204,1011.97,1012.0507,1011.9788053929806,0.0,0.116494976,0.14232988797128202,0.0,15.842274,0.0
28.6,28.6784,28.93704619109631,83.6,81.13973,81.58405032157899,1012.03,1012.0477,1011.981200248003,1.43,0.09050855,0.11645324796438217,0.0,14.570728,0.0
28.7,28.510757,28.299986808002,84.4,82.19685,82.86985607147217,1012.06,1012.01105,1011.8704869121312,0.0,0.47222695,0.5129388716816902,0.0,4.0985494,0.0
28.5,28.523178,28.510112631320958,85.6,82.38343,83.00277791023255,1011.99,1012.04047,1011.9262606501579,1.4699999999999998,0.3209038,0.3582772830873728,0.0,14.857888,0.0
28.399999999999995,28.34827,27.72090463675559,86.9,83.6103,84.44544982910156,1012.04,1012.0065,1011.8426607263088,1.4699999999999998,0.6441766,0.6949858275055886,0.0,6.4130573,0.0
28.3,28.213774,27.331055670976646,87.3,84.66066,85.65236954689027,1012.05,1011.9985,1011.8301116859913,1.5400000000000005,0.8601776,0.9213269545137882,0.0,7.775083,0.0
28.3,28.11659,27.247657397389418,89.3,85.435616,86.54198398590088,1012.11,1012.0128,1011.8659476470947,1.4699999999999998,1.0246726,1.0943152989447118,0.0,9.602129,0.0
28.2,28.021269,27.193364062905317,88.7,86.38601,87.58570752143861,1012.05,1012.0419,1011.9243492311239,0.0,1.1132921,1.1899657307565212,0.0,13.789683,0.0
28.1,28.076113,27.265373882278805,88.5,86.156425,87.17775926589967,1012.07,1012.1177,1011.9640319788456,1.45,0.73371255,0.799323200583458,0.0,24.66403,5.1949298940598965
28.1,27.963026,27.100000000000005,89.3,86.8144,87.95092396736146,1012.08,1012.13135,1011.9981282198429,0.0,0.91467375,0.9885574747622013,0.0,14.783174,0.0
28.0,28.006369,27.36048997826875,90.4,86.62081,87.61264243125916,1012.13,1012.17706,1012.041969897151,1.4699999999999998,0.6025703,0.6668001734465361,0.0,24.214626,4.0961941704154015
27.9,27.844675,27.100000000000005,91.2,87.70884,88.86707100868226,1012.12,1012.16846,1012.0499216276407,1.5199999999999996,0.8333467,0.9081522125005722,0.0,14.607951,0.0
27.9,27.737999,27.100000000000005,91.7,88.56292,89.84517340660096,1012.16,1012.15643,1012.0704788196086,1.43,0.9987267,1.081384320408106,0.0,14.175951,0.0
27.8,27.692575,27.100000000000005,92.5,89.13978,90.49003295898439,1012.12,1012.1659,1012.1032834625244,0.0,1.0786775,1.1663140684366227,0.0,16.23717,0.0
27.8,27.730526,27.100000000000005,92.9,89.05013,90.23638792037964,1012.13,1012.21783,1012.1161405867338,1.45,0.7036565,0.7800216139853001,0.0,26.860014,5.464662332087755
27.700000000000003,27.596758,27.100000000000005,93.1,90.06008,91.39178133010864,1012.15,1012.20056,1012.1328964537382,0.0,0.8926299,0.9777045106887817,0.0,16.869963,0.0
27.8,27.63172,27.100000000000005,93.8,89.93769,91.12901544570923,1012.19,1012.2418,1012.1596883869171,0.0,0.5778827,0.6532660789042711,0.0,25.685951,2.581667387858033
27.8,27.618496,27.285231419838972,93.5,90.25452,91.38159141540528,1012.2100000000002,1012.2686,1012.202650462389,0.0,0.37471977,0.4449713931232691,0.0,25.856213,2.3450583685189486
27.8,27.614483,27.442837805300957,93.6,90.48971,91.57513227462769,1012.22,1012.2869,1012.2340993738175,0.0,0.23838635,0.3052821794524789,0.0,24.274767,0.0
27.700000000000003,27.613842,27.517616063356407,93.4,90.74183,91.80600895881653,1012.23,1012.2961,1012.2519158774614,0.0,0.14756705,0.21248416412621737,0.0,22.765652,0.0
27.8,27.599857,27.54685884043575,93.6,90.92579,91.97598810195923,1012.26,1012.30896,1012.2702361124753,1.43,0.08648163,0.15023594485595823,0.0,20.880238,0.0
27.700000000000003,27.520979,27.100000000000005,93.9,91.75298,93.01435222625733,1012.3,1012.26324,1012.2160949349403,0.0,0.46197364,0.5396658722311258,0.0,9.988755,0.0
27.700000000000003,27.599525,27.34640798345209,93.6,91.48193,92.64767847061158,1012.34,1012.3077,1012.2620615386962,0.0,0.2868563,0.359595868550241,0.0,20.71628,0.0
27.6,27.618929,27.46686876825989,94.0,91.370026,92.47505760192871,1012.31,1012.3615,1012.3235537034273,1.5199999999999996,0.17217253,0.24237855017185211,0.0,21.265804,0.0
27.6,27.476038,27.100000000000005,94.1,92.207695,93.52143692970276,1012.31,1012.33844,1012.2997634571791,0.0,0.544856,0.6292645700275898,0.0,9.651616,0.0
27.500000000000004,27.549276,27.23960476769135,95.4,91.78351,92.98050212860107,1012.35,1012.3764,1012.3343074142932,1.4699999999999998,0.33882654,0.4164130424708128,0.0,20.993769,0.0
27.4,27.379213,27.100000000000005,94.6,92.80307,94.1925533771515,1012.34,1012.3613,1012.3358746236563,0.0,0.6440302,0.7342700389027595,0.0,11.6729145,0.0
27.500000000000004,27.426907,27.100000000000005,95.0,92.31814,93.57128648757936,1012.37,1012.4119,1012.3773397117853,0.0,0.40153003,0.48368234530091286,0.0,21.778778,0.0
27.500000000000004,27.422592,27.249855789542206,94.6,92.255264,93.438063621521,1012.38,1012.44464,1012.41600079,0.0,0.24658269,0.3241543013975024,0.0,22.561445,0.0
27.4,27.418482,27.33275939300657,96.4,92.16621,93.30001306533813,1012.36,1012.4631,1012.4382392513752,0.0,0.14396416,0.21818397633731365,0.0,21.550745,0.0
27.4,27.328247,27.324492741748696,96.5,92.726265,93.8729721069336,1012.42,1012.4561,1012.436451228261,0.0,0.08053353,0.15381079291924835,0.0,21.225706,0.0
27.4,27.264532,27.31585066337139,95.7,93.19746,94.35658793449403,1012.39,1012.46,1012.4436930263042,0.0,0.034986306,0.10812334967777133,0.0,20.333513,0.0
27.300000000000004,27.258326,27.332431738823658,95.6,93.306946,94.46089248657228,1012.39,1012.45776,1012.4418538588285,0.0,0.0031915521,0.0754839523602277,0.0,19.000679,0.0
27.300000000000004,27.23957,27.323618040606387,96.4,93.37095,94.52781620025635,1012.41,1012.45996,1012.4443055409193,0.0,0.0,0.07234747243113816,0.0,17.804012,0.0
27.300000000000004,27.204468,27.305131887272008,96.09999999999998,93.6378,94.812317943573,1012.47,1012.4593,1012.4450820422172,0.0,0.0,0.07308875975199043,0.0,17.711983,0.0
27.300000000000004,27.19082,27.289173773303634,96.4,93.72996,94.90801367759705,1012.51,1012.4776,1012.4648988586664,0.0,0.0,0.07392948601394891,0.0,17.323315,0.0
27.300000000000004,27.172337,27.267285636812456,96.20000000000002,93.87666,95.06069922447205,1012.53,1012.5032,1012.4927692884206,0.0,0.0,0.07518959078006446,0.0,17.492727,0.0
27.300000000000004,27.16803,27.251219470705845,96.9,93.91607,95.0986258506775,1012.53,1012.53186,1012.5232882654667,0.0,0.0,0.07623717235401273,0.0,17.434866,0.0
27.4,27.146616,27.23082507057116,96.7,94.14829,95.34339199066163,1012.55,1012.5493,1012.543258920908,0.0,0.0,0.07753506112843751,0.0,17.925426,0.0
27.4,27.171144,27.233763704076416,96.4,94.22035,95.41768102645875,1012.54,1012.5625,1012.5584832984209,0.0,0.0,0.07838608552701772,0.0,18.269093,0.0
27.4,27.206392,27.244647592771805,96.5,94.180145,95.37295737266541,1012.54,1012.5721,1012.569110366106,0.0,0.0,0.07876540394499898,0.0,18.214584,0.0
27.4,27.232304,27.25280086053536,96.20000000000002,94.179794,95.37124123573304,1012.54,1012.57837,1012.576324968338,0.0,0.0,0.07912780798040331,0.0,18.263145,0.0
27.4,27.262112,27.264252085238702,96.09999999999998,94.09216,95.27667365074159,1012.5599999999998,1012.58466,1012.5828251731396,0.0,0.0,0.07918804594315589,0.0,18.015831,0.0
27.4,27.284279,27.271143864467746,95.9,94.00137,95.17832212448121,1012.5599999999998,1012.5948,1012.5931547105313,0.0,0.0,0.07931743650697172,0.0,17.896534,0.0
27.4,27.303486,27.278360407985755,95.9,93.88209,95.0499804019928,1012.5800000000002,1012.6032,1012.601314265728,0.0,0.0,0.07926664873026311,0.0,17.736525,0.0
27.4,27.311768,27.27912882082165,94.7,93.80204,94.96318044662476,1012.5800000000002,1012.614,1012.612123991847,0.0,0.0,0.0793736355472356,0.0,17.713203,0.0
27.4,27.35087,27.299628771841533,95.20000000000002,93.390724,94.52310667037965,1012.5599999999998,1012.6289,1012.6249251008034,0.0,0.0,0.07856974492780865,0.0,16.898632,0.0
27.4,27.35529,27.30562526192517,96.0,93.24708,94.37043237686157,1012.59,1012.62775,1012.6225200980901,0.0,0.0,0.07803583173081279,0.0,17.080666,0.0
27.300000000000004,27.324017,27.288210760988303,96.8,93.398384,94.53199119567871,1012.63,1012.6265,1012.6219144839048,0.0,0.0,0.07836967322044075,0.0,17.594158,0.0
27.4,27.242996,27.237801553588366,96.20000000000002,93.79954,94.95830774307251,1012.62,1012.63776,1012.6357210260629,0.0,0.0,0.0797150862775743,0.0,17.791779,0.0
27.4,27.235443,27.231157787051057,96.3,93.88259,95.04626116752625,1012.6,1012.6412,1012.6399493658542,0.0,0.0,0.08008290715515613,0.0,17.675415,0.0
27.300000000000004,27.235666,27.231728391628717,95.8,93.959114,95.12823905944825,1012.65,1012.6368,1012.6360120618343,1.4699999999999998,0.0,0.08022425828501582,0.0,17.759293,0.0
27.300000000000004,27.122166,27.100000000000005,95.9,94.58497,95.94227876663209,1012.62,1012.605,1012.6136088019609,1.45,0.35367098,0.44653180070221427,0.0,6.267935,0.0
27.2,27.119457,27.100000000000005,95.8,94.694115,96.17242679595948,1012.64,1012.5865,1012.6049434858561,1.45,0.63374096,0.7361737772077322,0.0,8.241325,0.0
27.2,27.120447,27.100000000000005,96.20000000000002,94.578415,96.12028436660768,1012.64,1012.6039,1012.634959949255,0.0,0.81869113,0.9277596861124039,0.0,10.941044,0.0
27.300000000000004,27.222422,27.100000000000005,96.7,93.73392,95.08339161872864,1012.67,1012.674,1012.6716507518291,0.0,0.5021184,0.6002490847557783,0.0,23.918182,0.0
27.2,27.223488,27.100000000000005,97.2,93.54939,94.80059475898743,1012.7000000000002,1012.7215,1012.7188813519477,0.0,0.30225757,0.3943269646912813,0.0,25.184273,0.0
27.2,27.150818,27.100000000000005,97.3,93.75054,94.95934867858887,1012.7000000000002,1012.75507,1012.7577007341384,0.0,0.17289342,0.2618202494457364,0.0,24.246887,0.0
27.2,27.089691,27.100000000000005,98.7,94.0175,95.20875120162964,1012.67,1012.7674,1012.7723454755544,0.0,0.08829018,0.17525014102458955,0.0,22.937283,0.0
27.2,27.010397,27.100000000000005,98.5,94.683075,95.89947099685669,1012.71,1012.7481,1012.7557231521606,0.0,0.035965554,0.1224298044666648,0.0,22.666172,0.0
27.2,26.976057,27.100000000000005,98.3,95.12338,96.35492811203004,1012.67,1012.73975,1012.7490289235114,0.0,0.0,0.08632702553644776,0.0,21.637096,0.0
27.2,26.978241,27.100000000000005,98.8,95.37743,96.62754349708558,1012.66,1012.7221,1012.7329626935721,0.0,0.0,0.08668044799007475,0.0,20.690605,0.0
27.100000000000005,26.979755,27.100000000000005,99.0,95.69628,96.96935014724733,1012.65,1012.70184,1012.7147699135542,0.0,0.0,0.08719580668956041,0.0,20.360857,0.0
27.100000000000005,26.959826,27.100000000000005,99.3,96.00447,97.29890470504762,1012.65,1012.6904,1012.7051957702637,0.0,0.0,0.08781732656992972,0.0,19.594938,0.0
27.100000000000005,26.944918,27.100000000000005,99.6,96.29837,97.61277208328248,1012.64,1012.6813,1012.6981045639515,0.0,0.0,0.08850199087522924,0.0,19.255997,0.0
27.0,26.934713,27.100000000000005,99.2,96.579895,97.91351804733277,1012.6799999999998,1012.67126,1012.6900485152006,0.0,0.0,0.0891445198468864,0.0,19.152716,0.0
27.100000000000005,26.918259,27.100000000000005,98.8,96.66829,98.00539608001709,1012.6799999999998,1012.6869,1012.707004494667,0.0,0.0,0.08985746776685119,0.0,18.313318,0.0
27.0,26.950226,27.100000000000005,99.0,96.552185,97.88009557724,1012.7000000000002,1012.69653,1012.7170206713677,0.0,0.0,0.08993907743133604,0.0,18.261969,0.0
27.100000000000005,26.93898,27.100000000000005,99.1,96.54193,97.86649026870728,1012.67,1012.71576,1012.7369174516201,0.0,0.0,0.09045362723059952,0.0,18.14568,0.0
27.100000000000005,26.955873,27.100000000000005,98.8,96.527214,97.85082559585572,1012.7000000000002,1012.7139,1012.7353169578314,0.0,0.0,0.09045166355557739,0.0,18.554405,0.0
27.100000000000005,26.976711,27.100000000000005,98.7,96.42412,97.73979434967042,1012.69,1012.7218,1012.7432516402006,0.0,0.0,0.09045612645335495,0.0,18.484339,0.0
27.0,26.993114,27.100000000000005,99.2,96.32436,97.63296341896057,1012.6799999999998,1012.72577,1012.746915768385,0.0,0.0,0.09031894813291728,0.0,18.450886,0.0
27.0,26.95857,27.100000000000005,99.5,96.44289,97.7590826034546,1012.67,1012.72815,1012.7496142423153,0.0,0.0,0.09061624406836927,0.0,18.328264,0.0
27.100000000000005,26.92362,27.100000000000005,99.6,96.62221,97.95096077919007,1012.69,1012.72253,1012.7444226837158,0.0,0.0,0.0908761855494231,0.0,18.28076,0.0
27.0,26.925348,27.100000000000005,98.9,96.74523,98.08278541564943,1012.65,1012.7144,1012.7371378594637,0.0,0.0,0.09108242721296847,0.0,18.660799,0.0
27.0,26.928894,27.100000000000005,98.9,96.648506,97.98088064193726,1012.66,1012.7091,1012.730654296875,1.45,0.0,0.0905595931597054,0.0,17.807812,0.0
26.9,26.82014,27.100000000000005,99.4,97.30233,98.8207214832306,1012.67,1012.6536,1012.6941851198674,1.43,0.3362628,0.4381798891723156,0.0,6.7009926,0.0
26.8,26.778688,27.100000000000005,99.1,97.58197,99.23205137252808,1012.69,1012.6317,1012.6919895654917,1.5199999999999996,0.61386234,0.7255023191869259,0.0,8.726656,0.0
26.8,26.750275,27.100000000000005,99.4,97.57705,99.3075445175171,1012.66,1012.64655,1012.7256640684604,1.61,0.8220683,0.9412372803688049,0.0,10.516301,0.0
26.8,26.728477,27.100000000000005,99.4,97.545044,99.33732371330262,1012.63,1012.658,1012.7546633273363,1.57,0.98701847,1.1120537109673023,0.0,12.823239,0.0
26.7,26.730717,27.100000000000005,99.0,97.35806,99.17513189315797,1012.71,1012.6668,1012.7727103865146,1.4999999999999998,1.0828836,1.210907700061798,0.0,15.507028,0.0
26.7,26.719135,27.100000000000005,98.09999999999998,97.01046,98.81419734954835,1012.65,1012.7122,1012.820523058176,1.5400000000000005,1.1210414,1.2505426059663296,0.0,17.329111,0.0
26.7,26.731503,27.100000000000005,98.8,96.47029,98.25189242362977,1012.63,1012.7351,1012.8425727725029,1.5199999999999996,1.1587942,1.2884680435061455,0.0,17.582968,0.0
26.7,26.710155,27.100000000000005,99.7,96.25751,98.03524842262269,1012.63,1012.73486,1012.8421007019281,1.4699999999999998,1.1816453,1.3112337313592435,0.0,19.013166,0.0
26.7,26.661379,27.100000000000005,99.5,96.36519,98.15279254913331,1012.6,1012.72375,1012.8311696094274,1.5400000000000005,1.1838274,1.3132568521797656,0.0,20.62875,0.0
26.7,26.6275,27.100000000000005,99.9,96.452385,98.25846719741821,1012.65,1012.70245,1012.8120432418584,1.4699999999999998,1.207249,1.3369069971144198,0.0,20.323395,0.0
26.7,26.597845,27.100000000000005,99.9,96.58645,98.39874873161317,1012.7000000000002,1012.6976,1012.8069478833676,0.0,1.199171,1.3287149019539357,0.0,21.342113,0.0
26.7,26.69222,27.100000000000005,99.9,95.866554,97.43997960090638,1012.69,1012.7567,1012.8092915940284,0.0,0.73796386,0.8516333609819412,0.0,31.394705,6.509657483547926
26.7,26.669006,27.100000000000005,99.9,95.792496,97.24183049201966,1012.6799999999998,1012.7925,1012.8256395238637,1.4699999999999998,0.4499988,0.5543892844021321,0.0,29.901281,4.46774298325181
26.6,26.50947,27.100000000000005,99.9,96.743416,98.36410808563232,1012.71,1012.7506,1012.8108519029618,0.0,0.70743626,0.82159966558218,0.0,17.058119,0.0
26.6,26.565952,27.100000000000005,99.9,96.37302,97.85212817192078,1012.75,1012.77783,1012.8142883169651,0.0,0.42381084,0.5282212617993355,0.0,26.128218,0.0
26.6,26.548132,27.100000000000005,99.9,96.37604,97.77930207252503,1012.72,1012.8079,1012.8345991230011,1.43,0.24388973,0.34291768483817575,0.0,25.248035,0.0
26.6,26.408104,27.100000000000005,99.9,97.253,98.8441819190979,1012.76,1012.7643,1012.8169522887468,0.0,0.55520976,0.6656850291788579,0.0,13.358742,0.0
26.6,26.503325,27.100000000000005,99.9,96.787155,98.25041823387147,1012.77,1012.7909,1012.8249600344897,0.0,0.32205594,0.4244284961372614,0.0,23.467213,0.0
26.7,26.516022,27.100000000000005,99.9,96.68739,98.0816966533661,1012.74,1012.81616,1012.8413972640037,0.0,0.17504463,0.2728536484763026,0.0,23.300753,0.0
26.7,26.536924,27.100000000000005,99.9,96.68199,98.03820805549623,1012.75,1012.8125,1012.8318612760305,0.0,0.07978742,0.17427261020988227,0.0,22.468105,0.0
26.6,26.547518,27.100000000000005,99.9,96.74426,98.08054599761964,1012.76,1012.80597,1012.8217115557194,0.0,0.018028367,0.1104347625374794,0.0,21.357372,0.0
26.6,26.52558,27.100000000000005,99.9,96.86708,98.20390248298645,1012.72,1012.80743,1012.8223191994429,1.45,0.0,0.09211582792922854,0.0,19.950941,0.0
26.6,26.397621,27.100000000000005,97.3,97.74232,99.29827175140382,1012.72,1012.744,1012.787441586256,0.0,0.38214776,0.48759331651031973,0.0,8.339837,0.0
26.6,26.592983,27.100000000000005,97.9,96.43742,97.83496398925782,1012.74,1012.7712,1012.7954647564887,1.4999999999999998,0.20603351,0.3029104840010405,0.0,17.89154,0.0
26.5,26.52602,27.100000000000005,98.7,96.65282,98.20486464500428,1012.72,1012.7459,1012.7923839175701,1.4699999999999998,0.54573566,0.6537378964573145,0.0,8.248702,0.0
26.5,26.47973,27.100000000000005,99.3,96.770996,98.41864185333253,1012.72,1012.7297,1012.7937108296156,0.0,0.76021796,0.8753072485327721,0.0,10.086626,0.0
26.6,26.555922,27.100000000000005,98.9,96.11954,97.59678950309754,1012.7000000000002,1012.7723,1012.8074430906772,0.0,0.45527136,0.5595362105220556,0.0,22.664965,0.0
26.5,26.568531,27.100000000000005,98.0,95.82183,97.20058131217957,1012.66,1012.79266,1012.8141198652983,1.4699999999999998,0.26287338,0.36011773750185966,0.0,22.830978,0.0
26.6,26.437311,27.100000000000005,97.0,96.283356,97.82634673118592,1012.69,1012.7465,1012.7892754769325,0.0,0.5776422,0.6849189582467079,0.0,10.176197,0.0
26.6,26.58826,27.100000000000005,96.9,95.185646,96.5583128452301,1012.6799999999998,1012.7647,1012.7822516512871,0.0,0.33670458,0.4333495163917542,0.0,20.20894,0.0
26.6,26.628181,27.100000000000005,97.5,94.63276,95.90905041694641,1012.6799999999998,1012.77576,1012.7810680246353,0.0,0.18764798,0.2776974992081523,0.0,20.324364,0.0
26.6,26.603254,27.100000000000005,97.6,94.55148,95.78587398529054,1012.66,1012.77094,1012.7691891378164,0.0,0.09253011,0.17865506425499916,0.0,19.745306,0.0
26.6,26.566986,27.100000000000005,97.8,94.62636,95.84409885406495,1012.67,1012.754,1012.7468297159671,0.0,0.031096892,0.11456700421869755,0.0,18.661245,0.0
26.7,26.527922,27.100000000000005,98.09999999999998,94.80674,96.02651295661927,1012.65,1012.7375,1012.7273664450645,0.0,0.0,0.0822569799143821,0.0,17.734692,0.0
26.6,26.519957,27.100000000000005,98.09999999999998,95.03617,96.27465510368347,1012.7000000000002,1012.7091,1012.6991152739524,0.0,0.0,0.082124013453722,0.0,17.509266,0.0
26.7,26.48961,27.100000000000005,97.8,95.25533,96.50797376632691,1012.69,1012.70996,1012.7008911198377,0.0,0.0,0.08275274091400206,0.0,16.689241,0.0
26.7,26.509117,27.100000000000005,97.4,95.30072,96.5563069343567,1012.66,1012.7073,1012.6993523240089,0.0,0.0,0.082947284206748,0.0,16.422064,0.0
26.7,26.542923,27.100000000000005,96.9,95.21429,96.46470460891724,1012.7000000000002,1012.7023,1012.6946092933416,0.0,0.0,0.0826657423004508,0.0,15.956089,0.0
26.7,26.581253,27.100000000000005,96.7,94.99865,96.23316397666932,1012.75,1012.7146,1012.70713763237,0.0,0.0,0.08249858446419239,0.0,15.470446,0.0
26.7,26.606813,27.100000000000005,96.9,94.78516,96.00183715820313,1012.72,1012.74207,1012.7352617543936,0.0,0.0,0.08276115905493497,0.0,15.370756,0.0
26.7,26.613235,27.100000000000005,96.9,94.70576,95.91542263031006,1012.76,1012.75507,1012.7485503584146,0.0,0.0,0.08293431948870421,0.0,15.531182,0.0
26.6,26.61041,27.100000000000005,96.8,94.6623,95.86637206077576,1012.74,1012.7748,1012.7689577704668,0.0,0.0,0.08339760174974799,0.0,15.530944,0.0
26.6,26.58129,27.100000000000005,97.2,94.64401,95.84522981643677,1012.78,1012.78986,1012.7835749101639,0.0,0.0,0.0836284060869366,0.0,14.971405,0.0
26.6,26.541748,27.100000000000005,97.7,94.74927,95.95538048744203,1012.78,1012.80554,1012.7996135383844,0.0,0.0,0.0842803517729044,0.0,14.963895,0.0
26.6,26.498371,27.100000000000005,97.3,94.973854,96.19383068084717,1012.77,1012.81104,1012.8058369141817,0.0,0.0,0.08502168372273446,0.0,15.214056,0.0
26.6,26.485773,27.100000000000005,96.9,95.010826,96.23314990997315,1012.78,1012.8123,1012.8069965922832,0.0,0.0,0.08511318428441882,0.0,14.850184,0.0
26.5,26.493128,27.100000000000005,96.8,94.902565,96.11753854751588,1012.77,1012.81573,1012.8098773187398,0.0,0.0,0.08486422711052001,0.0,14.463157,0.0
26.5,26.475634,27.100000000000005,96.7,94.81284,96.0218146800995,1012.75,1012.8206,1012.8134018146992,0.0,0.0,0.08457353068515658,0.0,13.895809,0.0
26.5,26.464724,27.100000000000005,96.7,94.70841,95.91179623603821,1012.75,1012.81573,1012.8067181396484,0.0,0.0,0.08395814728923141,0.0,13.555631,0.0
26.5,26.454199,27.100000000000005,97.09999999999998,94.6262,95.82576150894165,1012.74,1012.80817,1012.797411083579,0.0,0.0,0.08334328828379511,0.0,13.402536,0.0
26.6,26.431778,27.100000000000005,97.0,94.68708,95.89280619621277,1012.72,1012.7946,1012.7826011377573,0.0,0.0,0.08299256030470133,0.0,13.584987,0.0
26.5,26.447168,27.100000000000005,97.2,94.67612,95.8842339515686,1012.75,1012.7721,1012.7592683494091,0.0,0.0,0.08232317584566771,0.0,13.882011,0.0
26.6,26.423756,27.100000000000005,97.3,94.76484,95.97917852401734,1012.74,1012.77014,1012.7570167797804,0.0,0.0,0.08243872026912868,0.0,13.75553,0.0
26.6,26.431229,27.100000000000005,97.5,94.83362,96.05334658622742,1012.76,1012.7618,1012.7491758620739,0.0,0.0,0.08247580137103797,0.0,14.19869,0.0
26.5,26.432194,27.100000000000005,98.09999999999998,94.947174,96.17371530532837,1012.75,1012.76337,1012.7520241159201,0.0,0.0,0.08295730899088084,0.0,14.57332,0.0
26.5,26.390354,27.100000000000005,98.8,95.244995,96.49000215530396,1012.73,1012.76855,1012.7586383807659,0.0,0.0,0.08396398810669779,0.0,14.702812,0.0
26.5,26.345417,27.100000000000005,98.9,95.666534,96.93912925720215,1012.77,1012.764,1012.7560288006067,0.0,0.0,0.08509425601921976,0.0,15.046016,0.0
26.5,26.319221,27.100000000000005,99.0,95.98353,97.27495193481445,1012.7999999999998,1012.772,1012.7665641331672,0.0,0.0,0.08635717241093517,0.0,15.118093,0.0
26.5,26.307169,27.100000000000005,99.3,96.21826,97.52176337242128,1012.78,1012.7888,1012.7862750077247,0.0,0.0,0.08769287308678031,0.0,15.312791,0.0
26.5,26.301704,27.100000000000005,99.7,96.45537,97.77228841781617,1012.75,1012.7967,1012.796859049201,0.0,0.0,0.08879204575903714,0.0,15.652791,0.0
26.5,26.298986,27.100000000000005,99.9,96.72631,98.0605797290802,1012.77,1012.7922,1012.7947398054599,0.0,0.0,0.08962931885384023,0.0,15.9576235,0.0
26.5,26.301472,27.100000000000005,99.9,96.96119,98.30968122482301,1012.78,1012.79285,1012.7979614943266,0.0,0.0,0.09052978100255132,0.0,16.099304,0.0
26.5,26.312658,27.100000000000005,99.9,97.1124,98.46913566589356,1012.79,1012.798,1012.8054983872175,0.0,0.0,0.0913204335514456,0.0,16.136051,0.0
26.5,26.327616,27.100000000000005,99.9,97.20539,98.56618180274964,1012.81,1012.8066,1012.8162679284811,0.0,0.0,0.0920329017098993,0.0,16.186104,0.0
26.5,26.3422,27.100000000000005,99.9,97.259125,98.620729637146,1012.77,1012.8205,1012.8322407996654,0.0,0.0,0.09277155034244061,0.0,16.270279,0.0
26.5,26.358725,27.100000000000005,99.9,97.290306,98.65352754592897,1012.74,1012.82074,1012.833552287221,0.0,0.0,0.09299544834531843,0.0,16.282171,0.0
26.5,26.375656,27.100000000000005,99.9,97.30558,98.67115874290467,1012.75,1012.81055,1012.8236355578899,0.0,0.0,0.09282270072959363,0.0,16.1511,0.0
26.5,26.388958,27.100000000000005,99.9,97.30951,98.6763155937195,1012.74,1012.80334,1012.8166023963689,0.0,0.0,0.09268247648142278,0.0,16.013102,0.0
26.5,26.399042,27.100000000000005,99.9,97.30996,98.6780683040619,1012.7000000000002,1012.7946,1012.8077670049668,0.0,0.0,0.09246089918538929,0.0,15.914872,0.0
26.5,26.408272,27.100000000000005,99.9,97.31094,98.68193383216858,1012.71,1012.77625,1012.788690969944,0.0,0.0,0.09192358860746026,0.0,15.765399,0.0
26.6,26.413607,27.100000000000005,99.9,97.30989,98.6826934337616,1012.69,1012.7641,1012.7760063564778,0.0,0.0,0.09155585140921176,0.0,15.623018,0.0
26.5,26.445204,27.100000000000005,99.9,97.27953,98.65325183868408,1012.66,1012.7435,1012.7552003431321,0.0,0.0,0.09097858116030694,0.0,15.974596,0.0
26.5,26.442091,27.100000000000005,99.9,97.29537,98.672585105896,1012.66,1012.728,1012.7387558072805,0.0,0.0,0.09050754461437464,0.0,15.6115,0.0
26.5,26.437302,27.100000000000005,99.9,97.30798,98.68777995109559,1012.67,1012.71704,1012.7270287299156,0.0,0.0,0.09016439240425825,0.0,15.386313,0.0
26.4,26.431414,27.100000000000005,99.9,97.313934,98.69490895271302,1012.6799999999998,1012.71246,1012.7219654381275,0.0,0.0,0.09000011313706636,0.0,15.317172,0.0
26.4,26.396997,27.100000000000005,99.9,97.34524,98.72749023437501,1012.69,1012.72003,1012.7288029521703,0.0,0.0,0.09014011424034835,0.0,14.907733,0.0
26.4,26.36896,27.100000000000005,99.9,97.35853,98.74065384864808,1012.7000000000002,1012.72864,1012.7368358641863,0.0,0.0,0.09029316931962968,0.0,14.794588,0.0
26.4,26.347582,27.100000000000005,99.9,97.3564,98.73734254837036,1012.7000000000002,1012.7372,1012.744950363636,0.0,0.0,0.09043195986188948,0.0,14.8248825,0.0
26.4,26.332434,27.100000000000005,99.9,97.34552,98.72515797615051,1012.6799999999998,1012.74255,1012.7498407387733,0.0,0.0,0.0904737270064652,0.0,14.891177,0.0
26.4,26.323624,27.100000000000005,99.9,97.33157,98.71097593307496,1012.65,1012.73944,1012.7459927344322,0.0,0.0,0.0902679874189198,0.0,14.908403,0.0
26.4,26.320486,27.100000000000005,99.9,97.31752,98.6981836795807,1012.67,1012.7264,1012.7318440121412,0.0,0.0,0.0897730297408998,0.0,14.834985,0.0
26.4,26.317787,27.100000000000005,99.9,97.303604,98.68444333076478,1012.67,1012.72015,1012.7249318110943,0.0,0.0,0.08950159071944654,0.0,14.77538,0.0
26.4,26.315416,27.100000000000005,99.9,97.29427,98.6752465248108,1012.7000000000002,1012.7159,1012.7202102935314,0.0,0.0,0.08931526473723352,0.0,14.7848425,0.0
26.5,26.310856,27.100000000000005,99.9,97.289474,98.66920347213745,1012.66,1012.7223,1012.7267575836181,0.0,0.0,0.08947866258211434,0.0,14.861241,0.0
26.6,26.337227,27.100000000000005,99.9,97.261,98.64029078483583,1012.67,1012.7113,1012.7159876364469,0.0,0.0,0.0891902478132397,0.0,15.355646,0.0
26.5,26.385319,27.100000000000005,99.9,97.21819,98.59576687812806,1012.64,1012.7006,1012.7063542306423,0.0,0.0,0.08899549811147153,0.0,15.997574,0.0
26.5,26.395487,27.100000000000005,99.9,97.23464,98.61405076980591,1012.64,1012.69446,1012.7004462450743,0.0,0.0,0.08891519942320883,0.0,15.803322,0.0
26.6,26.40142,27.100000000000005,99.9,97.25632,98.63749713897705,1012.65,1012.6912,1012.6974652594328,0.0,0.0,0.08892226195894182,0.0,15.648216,0.0
26.5,26.43238,27.100000000000005,99.9,97.24462,98.62534070014954,1012.66,1012.6863,1012.6935141545534,0.0,0.0,0.08891899288631976,0.0,16.039059,0.0
26.4,26.426931,27.100000000000005,99.9,97.27342,98.65472602844238,1012.62,1012.6946,1012.7023868894577,0.0,0.0,0.08925545632839203,0.0,15.813216,0.0
26.4,26.396164,27.100000000000005,99.9,97.32713,98.71185088157654,1012.6,1012.6971,1012.7042219978571,0.0,0.0,0.0893317328300327,0.0,15.213102,0.0
26.4,26.37478,27.100000000000005,99.9,97.353905,98.74181294441223,1012.64,1012.68945,1012.6954032486677,0.0,0.0,0.08904254821129143,0.0,14.8351345,0.0
26.4,26.357567,27.100000000000005,99.9,97.3555,98.74350657463074,1012.61,1012.69116,1012.6964582026005,0.0,0.0,0.08899495140649379,0.0,14.688775,0.0
26.4,26.347012,27.100000000000005,99.9,97.34677,98.73570799827576,1012.61,1012.6828,1012.6870017725229,0.0,0.0,0.08862614311277867,0.0,14.645561,0.0
26.4,26.339682,27.100000000000005,99.9,97.33326,98.72273287773133,1012.6,1012.67474,1012.6779589623213,0.0,0.0,0.08826900529675186,0.0,14.586672,0.0
26.4,26.33486,27.100000000000005,99.9,97.31929,98.70948767662048,1012.63,1012.66504,1012.6672811561823,0.0,0.0,0.08787276691757143,0.0,14.544069,0.0
26.4,26.328745,27.100000000000005,99.9,97.30671,98.69600896835328,1012.64,1012.6664,1012.6683182501793,0.0,0.0,0.08783359383232892,0.0,14.566228,0.0
26.4,26.322266,27.100000000000005,99.9,97.29873,98.6867193222046,1012.64,1012.67224,1012.6741511428356,0.0,0.0,0.08795589954592288,0.0,14.665231,0.0
26.4,26.316633,27.100000000000005,99.9,97.29523,98.68213639259339,1012.64,1012.6783,1012.6803034847975,0.0,0.0,0.08810687937773765,0.0,14.759109,0.0
26.4,26.312426,27.100000000000005,99.9,97.29371,98.67977318763734,1012.65,1012.6835,1012.6856257456541,0.0,0.0,0.0882454021461308,0.0,14.824793,0.0
26.5,26.309032,27.100000000000005,99.9,97.2924,98.67737622261048,1012.6799999999998,1012.6902,1012.6925817847252,0.0,0.0,0.08843816585838794,0.0,14.883936,0.0
26.5,26.332619,27.100000000000005,99.9,97.26122,98.64271588325501,1012.65,1012.6977,1012.7013266587257,0.0,0.0,0.08872349007055164,0.0,15.433579,0.0
26.4,26.353174,27.100000000000005,99.9,97.24806,98.62853946685792,1012.65,1012.69696,1012.7013433009386,0.0,0.0,0.08878309207037091,0.0,15.69508,0.0
26.5,26.34115,27.100000000000005,99.9,97.27754,98.65901637077332,1012.62,1012.7035,1012.7080436182022,0.0,0.0,0.08902107051573693,0.0,15.303209,0.0
26.5,26.361647,27.100000000000005,99.9,97.26968,98.65216588973999,1012.61,1012.69196,1012.6966278719902,0.0,0.0,0.08874815315939485,0.0,15.492693,0.0
26.5,26.379524,27.100000000000005,99.9,97.2653,98.64924564361573,1012.62,1012.6791,1012.6837167620658,0.0,0.0,0.08842512303963304,0.0,15.495986,0.0
26.4,26.39222,27.100000000000005,99.9,97.26575,98.65058197975159,1012.61,1012.67236,1012.6771248221397,0.0,0.0,0.08828570211306215,0.0,15.467257,0.0
26.4,26.373507,27.100000000000005,99.9,97.30089,98.6882272720337,1012.62,1012.67224,1012.6765082484484,0.0,0.0,0.08828575789928436,0.0,14.995962,0.0
26.4,26.35729,27.100000000000005,99.9,97.322556,98.71113348007202,1012.61,1012.6745,1012.6783977484703,0.0,0.0,0.0883342919126153,0.0,14.780894,0.0
26.4,26.345695,27.100000000000005,99.9,97.33084,98.72039217948914,1012.62,1012.67267,1012.6760106056929,0.0,0.0,0.08823234259150922,0.0,14.698744,0.0
26.4,26.336767,27.100000000000005,99.9,97.329155,98.71868448257447,1012.59,1012.673,1012.6759367305041,0.0,0.0,0.0881814990285784,0.0,14.675424,0.0
26.3,26.332415,27.100000000000005,99.9,97.32332,98.71393837928773,1012.61,1012.6641,1012.6662144309282,0.0,0.0,0.08784405932761728,0.0,14.640927,0.0
26.3,26.300531,27.100000000000005,99.9,97.34366,98.73541259765625,1012.61,1012.66815,1012.6692538672686,0.0,0.0,0.08784394775517285,0.0,14.163897,0.0
26.3,26.275713,27.100000000000005,99.9,97.34967,98.74185514450073,1012.61,1012.67017,1012.6703104448318,0.0,0.0,0.08777514102868736,0.0,13.98316,0.0
26.4,26.25752,27.100000000000005,99.9,97.34449,98.73666734695435,1012.6,1012.6699,1012.6691211354732,0.0,0.0,0.08763434218242765,0.0,13.926119,0.0
26.4,26.273014,27.100000000000005,99.9,97.30406,98.69517340660096,1012.61,1012.6591,1012.6579521811009,0.0,0.0,0.08724011768586934,0.0,14.35186,0.0
26.4,26.285177,27.100000000000005,99.9,97.27667,98.66661520004273,1012.5800000000002,1012.6545,1012.6533475649356,0.0,0.0,0.08706970751285553,0.0,14.561802,0.0
26.3,26.295732,27.100000000000005,99.9,97.26544,98.65608487129212,1012.55,1012.6444,1012.6429802781344,0.0,0.0,0.08676730155944824,0.0,14.628037,0.0
26.3,26.277657,27.100000000000005,99.9,97.29398,98.68808660507203,1012.55,1012.63544,1012.6328910380602,0.0,0.0,0.08645952897146345,0.0,14.112205,0.0
26.3,26.263456,27.100000000000005,99.9,97.31133,98.70801911354066,1012.55,1012.62714,1012.6235701811313,0.0,0.0,0.08616062639281154,0.0,13.820857,0.0
26.3,26.252968,27.100000000000005,99.9,97.31729,98.71562075614929,1012.53,1012.61993,1012.6154670470953,0.0,0.0,0.08588179011829197,0.0,13.703421,0.0
26.3,26.24659,27.100000000000005,99.9,97.31705,98.71719903945923,1012.53,1012.60864,1012.6031522154808,0.0,0.0,0.08547429407946766,0.0,13.643562,0.0
26.2,26.242031,27.100000000000005,99.9,97.31278,98.7140959262848,1012.54,1012.5998,1012.593485931158,0.0,0.0,0.08514321400783956,0.0,13.607964,0.0
26.3,26.209974,27.100000000000005,99.9,97.3364,98.73919372558595,1012.53,1012.603,1012.5956043630838,0.0,0.0,0.08512763291597367,0.0,13.18255,0.0
26.3,26.213158,27.100000000000005,99.9,97.31732,98.71992797851563,1012.5599999999998,1012.59607,1012.5881941133738,0.0,0.0,0.0848585313372314,0.0,13.46904,0.0
26.3,26.214495,27.100000000000005,99.9,97.30006,98.70099139213562,1012.54,1012.5998,1012.5920538890362,0.0,0.0,0.08492863230407238,0.0,13.673246,0.0
26.2,26.21635,27.100000000000005,99.9,97.29111,98.6915301322937,1012.5,1012.5993,1012.5915225559473,0.0,0.0,0.08489389422349632,0.0,13.809815,0.0
26.2,26.193035,27.100000000000005,99.9,97.31761,98.72080011367798,1012.5,1012.5944,1012.5854578900337,0.0,0.0,0.08467907263897359,0.0,13.3429165,0.0
26.2,26.175804,27.100000000000005,99.9,97.329926,98.73514251708986,1012.5,1012.58795,1012.577887712717,0.0,0.0,0.08440318187698721,0.0,13.058096,0.0
26.2,26.163738,27.100000000000005,99.9,97.32961,98.73605685234071,1012.52,1012.581,1012.5699035096169,0.0,0.0,0.08409980524331331,0.0,12.931675,0.0
26.3,26.153667,27.100000000000005,99.9,97.3229,98.72912759780884,1012.49,1012.5807,1012.5690295904875,0.0,0.0,0.08400338433682919,0.0,12.9233,0.0
26.3,26.175608,27.100000000000005,99.9,97.28707,98.69296493530274,1012.5,1012.56604,1012.5541238504649,0.0,0.0,0.08354090539738536,0.0,13.37947,0.0
26.3,26.192253,27.100000000000005,99.9,97.265785,98.67116718292237,1012.47,1012.55896,1012.5471706527471,0.0,0.0,0.08333961197175085,0.0,13.57469,0.0
26.3,26.205927,27.100000000000005,99.9,97.25992,98.66644077301027,1012.46,1012.5477,1012.5357796669007,0.0,0.0,0.0830381543841213,0.0,13.634369,0.0
26.3,26.216246,27.100000000000005,99.9,97.26283,98.67087740898133,1012.38,1012.5378,1012.5257634902,0.0,0.0,0.08279037429951132,0.0,13.599187,0.0
26.3,26.229095,27.100000000000005,99.9,97.27099,98.68377375602722,1012.37,1012.5085,1012.4952652144432,0.0,0.0,0.08194538597017527,0.0,13.434187,0.0
26.2,26.239992,27.100000000000005,99.9,97.27681,98.69382300376893,1012.37,1012.48175,1012.4673598766327,0.0,0.0,0.08116085874848068,0.0,13.19471,0.0
26.2,26.219818,27.100000000000005,99.9,97.30941,98.73076214790345,1012.36,1012.4687,1012.4528218889236,0.0,0.0,0.08072071661241352,0.0,12.603506,0.0
26.2,26.20315,27.100000000000005,99.9,97.32782,98.75240235328675,1012.34,1012.4566,1012.4393226188421,0.0,0.0,0.08028768164105714,0.0,12.336954,0.0
26.2,26.191183,27.100000000000005,99.9,97.33325,98.7605272769928,1012.3300000000002,1012.4421,1012.4233578658104,0.0,0.0,0.07976090350188315,0.0,12.208581,0.0
26.3,26.182594,27.100000000000005,99.9,97.3294,98.75861983299257,1012.32,1012.42834,1012.4082471424341,0.0,0.0,0.07924604687839747,0.0,12.138232,0.0
26.3,26.203995,27.100000000000005,99.9,97.29189,98.72122211456299,1012.36,1012.4093,1012.3886247557401,0.0,0.0,0.07863091452047229,0.0,12.558982,0.0
26.3,26.217089,27.100000000000005,99.9,97.26701,98.69456853866578,1012.32,1012.40924,1012.3889417695999,0.0,0.0,0.07862377946265042,0.0,12.831047,0.0
26.2,26.227484,27.100000000000005,99.9,97.25936,98.68720040321351,1012.3,1012.4029,1012.3826144814491,0.0,0.0,0.07845719622448087,0.0,12.990579,0.0
26.2,26.208256,27.100000000000005,99.9,97.289795,98.7201868057251,1012.3300000000002,1012.4008,1012.3797552680969,0.0,0.0,0.07837317659519613,0.0,12.540743,0.0
26.1,26.190796,27.100000000000005,99.9,97.30714,98.73796148300171,1012.27,1012.40717,1012.3858727020025,0.0,0.0,0.07853246299549937,0.0,12.359127,0.0
26.2,26.15441,27.100000000000005,99.9,97.34286,98.77740449905396,1012.29,1012.40125,1012.3781547743082,0.0,0.0,0.07823608753271401,0.0,11.797518,0.0
26.1,26.154087,27.100000000000005,99.9,97.32489,98.75973391532898,1012.28,1012.39154,1012.3676133531332,0.0,0.0,0.07785609410144388,0.0,11.941597,0.0
26.1,26.128702,27.100000000000005,99.9,97.33259,98.76899824142457,1012.26,1012.3871,1012.3617098325491,0.0,0.0,0.0775766385998577,0.0,11.578247,0.0
26.1,26.110588,27.100000000000005,99.9,97.3315,98.76969032287599,1012.25,1012.3766,1012.3496162205935,0.0,0.0,0.07711639110930264,0.0,11.3765745,0.0
26.1,26.098198,27.100000000000005,99.9,97.32269,98.76237001419068,1012.2100000000002,1012.36414,1012.3356339204312,0.0,0.0,0.07660092641599477,0.0,11.251226,0.0
26.1,26.092022,27.100000000000005,99.9,97.31125,98.75353050231934,1012.17,1012.3423,1012.3119329738616,0.0,0.0,0.07580959885381162,0.0,11.126325,0.0
26.1,26.090616,27.100000000000005,99.9,97.29951,98.74534931182862,1012.19,1012.31323,1012.2807560205459,0.0,0.0,0.07481066844426096,0.0,10.948568,0.0
26.1,26.08811,27.100000000000005,99.9,97.28783,98.73547167778015,1012.15,1012.29626,1012.262420361042,0.0,0.0,0.07419932397082447,0.0,10.83903,0.0
26.1,26.08756,27.100000000000005,99.9,97.281,98.73138670921327,1012.19,1012.27454,1012.2391711896657,0.0,0.0,0.07346473099663854,0.0,10.784268,0.0
26.1,26.083258,27.100000000000005,99.9,97.27681,98.72751836776735,1012.15,1012.271,1012.2351417446137,0.0,0.0,0.07330833990126848,0.0,10.800213,0.0
26.1,26.08104,27.100000000000005,99.9,97.27722,98.72945394515992,1012.15,1012.2609,1012.2242739737034,0.0,0.0,0.07296965058892965,0.0,10.860205,0.0
26.0,26.078953,27.100000000000005,99.9,97.27872,98.73196344375611,1012.14,1012.2548,1012.2176856869459,0.0,0.0,0.07276463622227311,0.0,10.87521,0.0
26.0,26.050497,27.100000000000005,99.9,97.30782,98.7633152961731,1012.09,1012.25525,1012.2170390760898,0.0,0.0,0.07270218354649842,0.0,10.443002,0.0
26.0,26.032158,27.100000000000005,99.9,97.322655,98.78151197433472,1012.09,1012.24066,1012.2007179361582,0.0,0.0,0.07216492317616939,0.0,10.182754,0.0
26.0,26.019848,27.100000000000005,99.9,97.3218,98.78285393714906,1012.06,1012.2266,1012.1850969868898,0.0,0.0,0.07162598364055157,0.0,10.001153,0.0
25.9,26.013409,27.100000000000005,99.9,97.31267,98.7761863231659,1012.08,1012.2064,1012.1631381958723,0.0,0.0,0.07089464858174324,0.0,9.88014,0.0
26.0,25.980143,27.100000000000005,99.9,97.328606,98.79426765441895,1012.01,1012.20245,1012.1574015033245,0.0,0.0,0.07060975392349064,0.0,9.3657675,0.0
26.0,25.985968,27.100000000000005,99.9,97.30531,98.77362899780275,1012.03,1012.17316,1012.1262273913621,0.0,0.0,0.06961282066069543,0.0,9.539962,0.0
25.9,25.990267,27.100467304571072,99.9,97.28371,98.75313382148744,1011.99,1012.1556,1012.1074931305646,0.0,0.0,0.06899033567868174,0.0,9.560823,0.0
25.9,25.968113,27.105740122857977,99.9,97.29834,98.77136425971986,1011.96,1012.1397,1012.089555260539,0.0,0.0,0.06838200923986733,0.0,9.094924,0.0
25.8,25.952171,27.115887456061326,99.9,97.30616,98.78293833732606,1011.97,1012.119,1012.0667460930347,0.0,0.0,0.0676346077490598,0.0,8.802369,0.0
25.8,25.91224,27.110871724982285,99.9,97.33231,98.81241931915284,1011.95,1012.11206,1012.0575709569454,0.0,0.0,0.06724745694547891,0.0,8.203462,0.0
25.8,25.882477,27.111435124755378,99.9,97.34052,98.82327318191528,1011.95,1012.1007,1012.0440185129643,0.0,0.0,0.06672080153599382,0.0,7.9582634,0.0
25.8,25.860428,27.112648474134044,99.9,97.33469,98.81880841255189,1011.92,1012.0911,1012.032590995431,0.0,0.0,0.0662503674812615,0.0,7.8680067,0.0
25.8,25.84629,27.119906018022455,99.9,97.32201,98.80780544281006,1011.88,1012.07544,1012.0150294017792,0.0,0.0,0.06560765999369324,0.0,7.8271923,0.0
25.8,25.83905,27.134195968112916,99.9,97.30717,98.79552521705628,1011.88,1012.0519,1011.9893890285492,0.0,0.0,0.06474251052364707,0.0,7.735148,0.0
25.9,25.83408,27.145567449182277,99.9,97.29198,98.78210558891297,1011.88,1012.0334,1011.9692349028587,0.0,0.0,0.0640537403523922,0.0,7.64966,0.0
25.9,25.85681,27.16392199276016,99.9,97.2522,98.74213366508485,1011.87,1012.01434,1011.949662848711,0.0,0.0,0.0634379162453115,0.0,8.100137,0.0
25.8,25.874128,27.176996794762097,99.9,97.23148,98.72168068885804,1011.83,1012.00116,1011.9362780445814,0.0,0.0,0.0630450138822198,0.0,8.328379,0.0
25.8,25.861452,27.181425517378383,99.9,97.25562,98.74912481307985,1011.84,1011.99036,1011.9243488252163,0.0,0.0,0.06269677396863699,0.0,7.9294147,0.0
25.9,25.849808,27.182017771247782,99.9,97.27451,98.77008981704712,1011.82,1011.9856,1011.9188682603835,0.0,0.0,0.06253593671135604,0.0,7.731378,0.0
25.8,25.86907,27.196604789979762,99.9,97.25718,98.7533926486969,1011.78,1011.971,1011.904113112092,0.0,0.0,0.062124714152887464,0.0,8.120939,0.0
25.8,25.860262,27.204348808899528,99.9,97.27452,98.77404255867005,1011.74,1011.95667,1011.8885441190005,0.0,0.0,0.06166158809326589,0.0,7.7660084,0.0
25.8,25.855965,27.218862254917628,99.9,97.285286,98.78879852294922,1011.76,1011.934,1011.8642420232296,0.0,0.0,0.06093279688619077,0.0,7.487133,0.0
25.8,25.85161,27.226702776364988,99.9,97.286575,98.79209856987,1011.68,1011.921,1011.850156622529,0.0,0.0,0.06048522960394621,0.0,7.3237715,0.0
25.8,25.853302,27.24834288023413,99.9,97.28464,98.79442520141602,1011.71,1011.8899,1011.8170365893841,0.0,0.0,0.05947541530244053,0.0,7.168606,0.0
25.8,25.852468,27.25925181135536,99.9,97.279236,98.79102387428284,1011.67,1011.87354,1011.799474183917,0.0,0.0,0.05891612495295703,0.0,7.0222616,0.0
25.8,25.853247,27.27398034520448,99.9,97.27406,98.78852562904359,1011.71,1011.8522,1011.7766885590553,0.0,0.0,0.0582074614148587,0.0,6.9516,0.0
25.8,25.849794,27.275680280476816,99.9,97.26997,98.78475575447084,1011.66,1011.8485,1011.7725198876858,0.0,0.0,0.05805097548291087,0.0,6.9467125,0.0
25.8,25.848871,27.284410809539263,99.9,97.26879,98.78535499572754,1011.69,1011.83545,1011.7585375875234,0.0,0.0,0.05761769505217671,0.0,6.9702415,0.0
25.8,25.845455,27.28406934365631,99.9,97.267876,98.78452506065369,1011.66,1011.8348,1011.7576600152254,0.0,0.0,0.05757257515564561,0.0,6.986007,0.0
25.8,25.844093,27.288174408115452,99.9,97.2673,98.78484015464784,1011.65,1011.82837,1011.7507250833511,0.0,0.0,0.05735406052321196,0.0,7.0234537,0.0
25.8,25.843721,27.292918159067636,99.9,97.266556,98.78505396842957,1011.67,1011.8213,1011.7431540942192,0.0,0.0,0.05711912800557911,0.0,7.0056767,0.0
25.8,25.842022,27.292146477662033,99.9,97.26445,98.78276391029358,1011.69,1011.82184,1011.7436212939024,0.0,0.0,0.057118826759979126,0.0,7.023528,0.0
25.8,25.83879,27.286320072785028,99.9,97.26297,98.78018407821656,1011.7,1011.8293,1011.7514033550024,0.0,0.0,0.057337720738723875,0.0,7.1145744,0.0
25.8,25.835058,27.278459840267903,99.9,97.26338,98.7792191028595,1011.66,1011.8396,1011.7622118633985,0.0,0.0,0.057653264347463845,0.0,7.2350206,0.0
25.7,25.835093,27.28021448422224,99.9,97.26512,98.78141913414002,1011.64,1011.8371,1011.7595665633678,0.0,0.0,0.05757944243960082,0.0,7.2701125,0.0
25.8,25.81081,27.276650108955806,99.9,97.29203,98.81089167594911,1011.58,1011.83417,1011.7554547190666,0.0,0.0,0.05742249348200858,0.0,6.7223907,0.0
25.8,25.824224,27.299342074431486,99.9,97.27605,98.79772806167603,1011.54,1011.8054,1011.7252787339687,0.0,0.0,0.05651344583369792,0.0,6.7946763,0.0
25.8,25.839527,27.3274538865313,99.9,97.25855,98.78399052619935,1011.55,1011.7691,1011.6871376234293,0.0,0.0,0.055360852275043726,0.0,6.6266956,0.0
25.9,25.850422,27.34754295442254,99.9,97.244934,98.77300724983216,1011.6,1011.74304,1011.6597364228963,0.0,0.0,0.05452783566899597,0.0,6.4523516,0.0
25.9,25.879894,27.36077721379698,99.9,97.211365,98.73813872337342,1011.57,1011.7333,1011.650522725582,0.0,0.0,0.054279084904119375,0.0,6.9220963,0.0
25.9,25.901499,27.3717774854973,99.9,97.2005,98.72745084762573,1011.57,1011.7244,1011.6420331674814,0.0,0.0,0.05408873673528433,0.0,7.2030125,0.0
25.9,25.915369,27.37633520700038,99.9,97.206215,98.7335557937622,1011.53,1011.7225,1011.6407858133316,0.0,0.0,0.05413585935719311,0.0,7.3292255,0.0
25.9,25.927073,27.385286424309022,99.9,97.21868,98.74788131713868,1011.55,1011.71344,1011.6318542218208,0.0,0.0,0.0539598036184907,0.0,7.3518305,0.0
25.9,25.934103,27.38735463172198,99.9,97.230515,98.7604259967804,1011.48,1011.7129,1011.6317645162344,0.0,0.0,0.05402866613119841,0.0,7.3394923,0.0
25.9,25.943817,27.401916388794785,99.9,97.240425,98.7733476638794,1011.47,1011.6948,1011.6130533921719,0.0,0.0,0.05353533741086722,0.0,7.2623043,0.0
25.9,25.952385,27.41625006347895,99.9,97.245605,98.78128972053528,1011.42,1011.6765,1011.5940142947435,0.0,0.0,0.053009016718715427,0.0,7.088378,0.0
25.9,25.962276,27.437457101792102,99.9,97.2465,98.78601894378663,1011.39,1011.6484,1011.5645380944013,0.0,0.0,0.05215626852586865,0.0,6.886676,0.0
25.9,25.971558,27.46027674078942,99.9,97.24471,98.78828930854797,1011.4,1011.6176,1011.5321202814579,0.0,0.0,0.05120131997391582,0.0,6.642789,0.0
25.9,25.976746,27.475150566548116,99.9,97.24124,98.78737497329712,1011.39,1011.59717,1011.5105422317981,0.0,0.0,0.050553385317325596,0.0,6.472617,0.0
25.9,25.97913,27.486317395791417,99.9,97.23922,98.78740310668945,1011.38,1011.58136,1011.4937693166733,0.0,0.0,0.05004555775783956,0.0,6.397858,0.0
25.9,25.979492,27.494596762582667,99.9,97.23928,98.7891586303711,1011.36,1011.5692,1011.4808115273714,0.0,0.0,0.04965229278430343,0.0,6.3592644,0.0
25.9,25.979494,27.503027480095632,99.9,97.239876,98.79153590202333,1011.34,1011.5567,1011.4674790853262,0.0,0.0,0.04924778688699007,0.0,6.3236356,0.0
26.0,25.979853,27.512191353738313,99.9,97.23954,98.79305791854858,1011.33,1011.5432,1011.4530860066413,0.0,0.0,0.048809156557545065,0.0,6.2683077,0.0
25.9,26.006947,27.53048541881145,99.9,97.210945,98.76470789909364,1011.2899999999998,1011.52484,1011.4346013790368,0.0,0.0,0.04828285817988217,0.0,6.6806974,0.0
25.9,26.003141,27.540447700396186,99.9,97.22123,98.77798967361451,1011.26,1011.5087,1011.4172764295339,0.0,0.0,0.04776553022675216,0.0,6.3194633,0.0
25.9,26.000925,27.553544978797444,99.9,97.22974,98.78991823196412,1011.22,1011.48846,1011.3956439882517,0.0,0.0,0.04712032909505069,0.0,6.057233,0.0
25.9,26.001589,27.571705391258007,99.9,97.23215,98.79623699188232,1011.2,1011.46155,1011.3669779795408,0.0,0.0,0.04625441256444901,0.0,5.8249087,0.0
26.0,26.003086,27.58970823474229,99.9,97.22968,98.79728074073792,1011.1900000000002,1011.43506,1011.3387511628866,0.0,0.0,0.0453898349031806,0.0,5.617261,0.0
25.9,26.030684,27.61472239941359,99.9,97.19853,98.76761407852173,1011.16,1011.4065,1011.3093780630827,0.0,0.0,0.04452418614644557,0.0,5.944982,0.0
26.0,26.02575,27.627084209769972,99.9,97.20712,98.77967767715455,1011.15,1011.3863,1011.2876421153545,0.0,0.0,0.043861270099878315,0.0,5.558565,0.0
25.9,26.046919,27.6466699179262,99.9,97.18957,98.76374855041504,1011.11,1011.3638,1011.264548406601,0.0,0.0,0.04320159244351089,0.0,5.822897,0.0
25.9,26.037846,27.65704738758505,99.9,97.20688,98.78491892814637,1011.13,1011.3453,1011.244504687786,0.0,0.0,0.04259980972856283,0.0,5.402416,0.0
25.8,26.027609,27.660014252364643,99.9,97.21928,98.79936261177063,1011.08,1011.3376,1011.2358828037977,0.0,0.0,0.042328365128487346,0.0,5.210772,0.0
25.8,25.995405,27.660643372312194,99.9,97.25078,98.83503293991089,1011.08,1011.32635,1011.2225260072946,0.0,0.0,0.04186891538091004,0.0,4.6370773,0.0
25.8,25.97043,27.662154049426324,99.9,97.263695,98.85064978599549,1011.09,1011.31604,1011.2103573024273,0.0,0.0,0.04142192548606545,0.0,4.342228,0.0
25.8,25.95109,27.66198739223183,99.9,97.26043,98.84836254119874,1011.08,1011.30994,1011.2028082323075,0.0,0.0,0.04109096535481513,0.0,4.244298,0.0
25.8,25.937075,27.663583331182604,99.9,97.24962,98.8380825996399,1011.01,1011.30286,1011.1944112211465,0.0,0.0,0.040735024153254924,0.0,4.233882,0.0
31.6,25.931517,27.678629474341875,66.2,97.23643,98.827560710907,1012.18,1011.2783,1011.16776622653,2.5,0.0,0.039852790152654055,1000.0,4.1410475,0.0
31.7,28.41035,27.429595952481037,65.5,88.738174,89.89332370758058,1012.15,1011.3778,1011.3893930107355,0.0,0.5492269,0.6078141427785159,1000.0,592.94257,659.1607332229614
31.6,30.38849,30.30184943079949,65.6,79.13572,79.43690419197083,1012.15,1011.7785,1011.7952726340294,1.5400000000000005,0.23696014,0.2799166528135538,1000.0,851.33484,849.2165207862854
31.5,31.386806,31.336303910613065,65.7,73.03623,73.00438268184662,1012.13,1012.0782,1012.136282941103,0.0,0.57481575,0.624865982607007,1000.0,966.1136,970.8479642868042
31.6,31.915483,31.92931333780289,66.1,68.65939,68.20635640621185,1012.15,1012.3618,1012.3989693117142,0.0,0.3796787,0.41922627471387386,1000.0,994.6802,1000.0
31.7,32.074284,32.085568827390674,65.8,66.50609,65.8561940908432,1012.16,1012.5044,1012.5275681555271,0.0,0.30386388,0.3382636188343167,1000.0,1000.0,1000.0
31.6,32.07084,32.07406537532807,65.2,65.53744,64.8123284816742,1012.14,1012.5393,1012.5513924980163,0.0,0.27746,0.30860447213053704,1000.0,1000.0,1000.0
31.8,31.96952,31.962916147708896,64.2,65.19095,64.45374940633774,1012.17,1012.5069,1012.5077915239334,0.0,0.271701,0.30001546915620564,1000.0,999.1295,1000.0
31.8,31.935413,31.91728850901127,65.1,64.84935,64.10570065975189,1012.17,1012.4291,1012.4193560224771,0.0,0.26876178,0.2931968307867646,1000.0,996.4522,1000.0
31.6,31.859411,31.831320661306385,64.5,65.036545,64.32257113456727,1012.19,1012.3338,1012.3161410182714,0.0,0.26758394,0.2893126815930009,1000.0,995.6666,1000.0
31.7,31.757612,31.720255938172343,64.5,65.1689,64.47552746534348,1012.18,1012.2649,1012.2386325502396,0.0,0.262522,0.2818297855183482,1000.0,994.1205,1000.0
31.9,31.71226,31.66597153246403,63.9,65.24465,64.56510066986084,1012.14,1012.19257,1012.1593908566236,0.0,0.25443023,0.2712109450623393,1000.0,994.66003,1000.0
32.0,31.760212,31.705080845952036,63.7,65.04915,64.36434500217437,1012.17,1012.1139,1012.0750477159023,0.0,0.24600157,0.25958058882504703,1000.0,995.99554,1000.0
32.1,31.8325,31.771518909931185,63.6,64.79495,64.09646657705308,1012.14,1012.0615,1012.0192918378115,0.0,0.23760289,0.24874697141349317,1000.0,997.8151,1000.0
32.0,31.913927,31.84883445501328,64.3,64.5657,63.85417125225067,1012.09,1012.0195,1011.97554839015,0.0,0.23133779,0.24058903973549606,1000.0,999.41766,1000.0
32.1,31.92109,31.85398572087288,64.2,64.67559,63.97415313720703,1012.09,1011.9892,1011.944587379694,0.0,0.2286401,0.23728765573352575,1000.0,1000.0,1000.0
32.2,31.954762,31.8869791418314,64.2,64.7151,64.01691167354583,1012.13,1011.968,1011.9237472701072,0.0,0.22482766,0.23300824999809266,1000.0,1000.0,1000.0
32.2,32.006718,31.940478134155278,64.2,64.71556,64.0145069718361,1012.13,1011.9658,1011.9235743534565,0.0,0.2202557,0.2285117242857814,1000.0,1000.0,1000.0
32.3,32.044777,31.980985757708552,63.9,64.73608,64.03256579637528,1012.07,1011.9754,1011.9356411755085,0.0,0.2171426,0.22589200329035522,1000.0,1000.0,1000.0
32.4,32.111973,32.04888750314713,63.5,64.64987,63.9398915886879,1012.1,1011.96814,1011.930257216692,0.0,0.21653824,0.22510200344026088,1000.0,1000.0,1000.0
32.4,32.201344,32.139182937145236,63.6,64.43229,63.705496120452885,1012.09,1011.9696,1011.9338020080328,0.0,0.21574737,0.22403780315071345,1000.0,1000.0,1000.0
32.5,32.259365,32.198378169536596,64.1,64.3262,63.590769553184515,1012.1,1011.9733,1011.9395529073477,0.0,0.21664298,0.2250144413858652,1000.0,1000.0,1000.0
32.7,32.30795,32.24921383559704,63.7,64.39026,63.65742951631547,1012.09,1011.97424,1011.9437495863438,0.0,0.21740453,0.22633059456944465,1000.0,1000.0,1000.0
32.6,32.407543,32.35005511045456,64.6,64.29258,63.55155934095383,1012.08,1011.9671,1011.9400408083201,0.0,0.21771199,0.22660450492054224,1000.0,1000.0,1000.0
32.6,32.42284,32.368634617328645,64.5,64.56028,63.83590564727783,1012.08,1011.9682,1011.9450915169716,0.0,0.21955328,0.22959618613123894,1000.0,1000.0,1000.0
32.7,32.435917,32.384628924727444,64.1,64.761536,64.048361992836,1012.04,1011.9735,1011.9536078649759,0.0,0.21967815,0.23069258622825145,1000.0,1000.0,1000.0
32.7,32.490215,32.43952080607414,64.0,64.76584,64.05251448154449,1011.97,1011.96387,1011.9460989797116,0.0,0.21985774,0.2308756096661091,1000.0,1000.0,1000.0
32.7,32.53863,32.48642685413361,63.9,64.74267,64.03120062351228,1012.03,1011.9378,1011.9206936269999,0.0,0.22214936,0.2325923079252243,1000.0,1000.0,1000.0
32.7,32.57613,32.52378804087639,64.2,64.6772,63.96075601577759,1011.94,1011.9332,1011.9168764716387,0.0,0.2216524,0.23188991475850343,1000.0,1000.0,1000.0
32.7,32.592403,32.53845865726471,64.2,64.74442,64.03661911487579,1012.0,1011.9065,1011.8901714026928,0.0,0.22356802,0.23336142141371966,1000.0,1000.0,1000.0
32.8,32.601498,32.54767442941666,63.5,64.78452,64.07916313409805,1012.03,1011.9016,1011.8857303673029,0.0,0.22239405,0.23218904048204422,1000.0,1000.0,1000.0
32.6,32.65315,32.5990429520607,64.0,64.572296,63.84967412948609,1012.01,1011.9071,1011.8915198278427,0.0,0.21949165,0.22885588064789772,1000.0,1000.0,1000.0
32.6,32.615654,32.562644159793855,63.7,64.64161,63.92258322238923,1012.0,1011.9204,1011.9045896476507,1.45,0.21942002,0.22925872411578893,1000.0,1000.0,1000.0
32.5,32.574646,32.47980425357819,63.8,64.80269,64.27346640825272,1012.06,1011.871,1011.8926003539563,1.7,0.64713204,0.669581629857421,1000.0,1000.0,1000.0
32.3,32.54138,32.47511983513832,64.2,64.82981,64.44558650255203,1012.07,1011.864,1011.9177775865793,1.59,1.0039583,1.037536260485649,1000.0,1000.0,1000.0
32.4,32.475346,32.471065533161166,64.3,64.858536,64.55327901840211,1012.02,1011.8924,1011.9642288440466,0.0,1.2058126,1.246425582766533,1000.0,1000.0,1000.0
32.3,32.494694,32.41817561089993,63.8,64.4657,63.98739763498307,1012.02,1011.949,1011.9875945109129,1.43,0.8528817,0.8826722794771195,1000.0,1000.0,1000.0
32.2,32.41873,32.38026817440987,64.6,64.55929,64.17787687778473,1012.01,1011.93195,1011.9873663908243,0.0,1.0697911,1.1061009193956852,1000.0,1000.0,1000.0
32.3,32.357788,32.27510186433793,64.5,64.507454,64.00255801677704,1012.01,1011.9627,1011.9882029664516,0.0,0.7719487,0.799280446022749,1000.0,1000.0,1000.0
32.1,32.317005,32.240487870574,64.7,64.57284,63.99971302747727,1012.0,1011.9648,1011.9714921551943,0.0,0.5869327,0.6083912400901318,1000.0,1000.0,1000.0
32.1,32.215294,32.14813212156296,64.6,64.83472,64.23379551172256,1011.94,1011.96405,1011.9570986706018,0.0,0.46735185,0.4853361613303423,1000.0,1000.0,1000.0
31.9,32.150455,32.0846293926239,64.1,65.01916,64.40460880994797,1011.93,1011.9371,1011.9196622157096,0.0,0.388741,0.40362077079713343,1000.0,1000.0,1000.0
32.0,32.07443,32.006967538595205,64.2,65.04921,64.42038671970367,1011.91,1011.9199,1011.8928211677074,1.5199999999999996,0.33612522,0.3484080086275935,1000.0,1000.0,1000.0
32.1,32.02158,31.894889718294145,63.8,65.271095,64.83611807823182,1011.88,1011.8295,1011.8359279364347,1.43,0.7506187,0.7745326960086822,1000.0,1000.0,1000.0
31.9,32.07776,31.965337121486666,64.9,65.02366,64.67646951675415,1011.87,1011.76807,1011.7935909587145,0.0,0.9918881,1.0213708414137364,1000.0,1000.0,1000.0
31.9,32.078197,31.941892707347872,65.5,64.84035,64.3699477672577,1011.88,1011.793,1011.7921345621347,0.0,0.71970415,0.7401633846759796,1000.0,999.71234,1000.0
31.9,32.01094,31.897304633259775,65.2,65.07905,64.55583634376526,1011.88,1011.8061,1011.7890943139791,1.5400000000000005,0.5496639,0.5653206615895033,1000.0,1000.0,1000.0
32.1,31.91673,31.77456426024437,65.1,65.56008,65.21553485393524,1011.85,1011.75543,1011.7689888972044,1.4699999999999998,0.8981259,0.9252418977022171,1000.0,1000.0,1000.0
32.1,31.962124,31.865515321493152,64.7,65.5952,65.33788979053497,1011.89,1011.7142,1011.7470029103756,0.0,1.100091,1.133084045648575,1000.0,1000.0,1000.0
32.3,32.07202,31.92627882957459,64.3,65.060776,64.63404154777527,1011.86,1011.76373,1011.769163031578,0.0,0.78346306,0.8059330199658871,1000.0,1000.0,1000.0
32.3,32.170555,32.04738204777241,63.8,64.69935,64.16764687299728,1011.91,1011.7787,1011.7674464482069,0.0,0.5887463,0.604315186291933,1000.0,1000.0,1000.0
32.4,32.226673,32.12840494811535,63.4,64.42156,63.817026031017306,1011.94,1011.803,1011.781022028923,0.0,0.46257696,0.4739496578276157,1000.0,1000.0,1000.0
32.4,32.289204,32.20448098778725,63.4,64.1541,63.49470105171204,1011.89,1011.82587,1011.7976772308349,0.0,0.38004118,0.3887249122560024,1000.0,1000.0,1000.0
32.1,32.324577,32.24475678205491,63.3,64.03601,63.34692196846009,1011.92,1011.8315,1011.7992399752139,0.0,0.32882673,0.3357380872964859,1000.0,1000.0,1000.0
32.3,32.26245,32.186331018805504,62.6,64.062515,63.35924087762833,1011.94,1011.8608,1011.8244829648733,0.0,0.29570073,0.30219340790063143,1000.0,1000.0,1000.0
32.3,32.286972,32.21106787323952,62.7,63.809776,63.07872915267945,1011.92,1011.8713,1011.831802291274,0.0,0.27157596,0.27680864617228507,1000.0,1000.0,1000.0
32.3,32.298107,32.22106873989105,62.2,63.66222,62.91629257202149,1011.95,1011.8693,1011.8272528785467,0.0,0.25752267,0.26174690172076226,1000.0,1000.0,1000.0
32.2,32.31499,32.236558890342714,63.0,63.417076,62.65069576501847,1011.96,1011.87366,1011.8290961050988,0.0,0.24767579,0.2509086652100086,1000.0,1000.0,1000.0
32.2,32.26787,32.189736390113836,62.8,63.52058,62.75878003835678,1011.94,1011.8801,1011.8341975522042,0.0,0.24195145,0.24531466830521823,1000.0,1000.0,1000.0
32.0,32.235203,32.15619416832924,62.8,63.564808,62.80554195642472,1011.9,1011.8774,1011.8297979193926,0.0,0.23803754,0.24116332542151211,1000.0,1000.0,1000.0
32.0,32.158573,32.07765378654003,62.4,63.66913,62.918880140781404,1011.91,1011.8723,1011.8215494704247,1.4999999999999998,0.23692395,0.2397925240546465,1000.0,999.6418,1000.0
32.0,32.093975,31.95990523695946,62.9,63.80507,63.24873924255372,1011.9,1011.808,1011.7931777447462,1.43,0.6744624,0.690184508189559,1000.0,1000.0,1000.0
32.1,32.074455,31.944537219405177,62.7,63.834763,63.39265983104706,1011.86,1011.7707,1011.7783779466153,0.0,0.9423141,0.9658982716500759,1000.0,1000.0,1000.0
32.3,32.14682,32.005125978589064,61.9,63.388844,62.81442929506302,1011.82,1011.78754,1011.7708848917484,1.43,0.6903401,0.7046969145536423,1000.0,998.7787,1000.0
32.2,32.2171,32.078554317355156,62.0,63.149952,62.67542853355408,1011.82,1011.7209,1011.726581697464,0.0,0.9601479,0.9809783139824867,1000.0,1000.0,1000.0
32.3,32.27604,32.119289943575865,62.0,62.7059,62.098421096801765,1011.92,1011.7383,1011.7188856887817,0.0,0.70604897,0.7175745168328286,1000.0,1000.0,1000.0
32.6,32.302605,32.17238363325596,61.0,62.511505,61.82285803556443,1011.86,1011.76874,1011.7351784151792,0.0,0.54571664,0.5522375428676606,1000.0,1000.0,1000.0
32.7,32.408276,32.29161308407784,60.3,62.12049,61.3639988899231,1011.83,1011.7631,1011.720207324028,1.61,0.44196948,0.44395871698856354,1000.0,1000.0,1000.0
32.6,32.508545,32.34194459319115,60.4,61.874535,61.27246127128601,1011.83,1011.691,1011.6846100366115,1.61,0.8493086,0.862175885885954,1000.0,1000.0,1000.0
32.5,32.578342,32.4776798427105,60.1,61.62191,61.11178513765336,1011.79,1011.66626,1011.6844817698002,1.59,1.1171033,1.1373116594552994,1000.0,1000.0,1000.0
32.5,32.620255,32.57603796124459,60.70000000000001,61.315147,60.85330185890198,1011.75,1011.6626,1011.6957047098875,1.43,1.289737,1.3143491017818452,1000.0,1000.0,1000.0
32.4,32.626045,32.598272526264196,61.7,61.213554,60.7728080034256,1011.73,1011.6565,1011.6948113071918,1.59,1.357498,1.3837141367793084,1000.0,1000.0,1000.0
32.6,32.550957,32.54084965586662,61.0,61.550976,61.17436997890473,1011.77,1011.64246,1011.6891947633028,1.57,1.4556779,1.4856696613132954,1000.0,1000.0,1000.0
32.9,32.57738,32.57493461966515,60.3,61.49147,61.132776868343356,1011.77,1011.6331,1011.6849408513308,1.43,1.509076,1.5402991896867753,1000.0,1000.0,1000.0
33.0,32.71099,32.7088286280632,59.49999999999999,61.074192,60.68369266986847,1011.84,1011.6188,1011.6707758927345,1.4699999999999998,1.4994669,1.528620500266552,1000.0,1000.0,1000.0
33.3,32.8514,32.85262719988823,58.7,60.52337,60.09452035427094,1011.79,1011.63135,1011.685524546504,1.4699999999999998,1.5058317,1.5334361454844474,1000.0,1000.0,1000.0
33.4,33.049683,33.052015054225926,58.50000000000001,59.824024,59.34839465618134,1011.76,1011.6226,1011.6786460357904,1.45,1.5116922,1.5361631545424461,1000.0,1000.0,1000.0
33.4,33.20907,33.21097277402878,58.89999999999999,59.2929,58.780667722225196,1011.76,1011.613,1011.6703898745775,1.6399999999999997,1.5138392,1.5352718245983124,1000.0,1000.0,1000.0
33.4,33.283947,33.29535289406777,59.10000000000001,59.16137,58.663662350177766,1011.74,1011.6062,1011.6711956012249,1.43,1.5775137,1.5991283941268921,1000.0,1000.0,1000.0
33.2,33.318077,33.327958232164384,58.99999999999999,59.158672,58.649924111366275,1011.79,1011.6092,1011.6738238531351,1.61,1.5547779,1.5755226996541023,1000.0,1000.0,1000.0
32.9,33.269875,33.28728957176209,59.99999999999999,59.30942,58.82391648292542,1011.83,1011.6356,1011.7051725053788,1.75,1.5967513,1.6199224629998208,1000.0,1000.0,1000.0
32.7,33.107132,33.13410175442696,60.3,59.859802,59.435700309276584,1011.85,1011.6762,1011.7532770246268,1.61,1.6671226,1.6962292677164077,1000.0,1000.0,1000.0
32.7,32.933945,32.961828041076664,60.20000000000001,60.34416,59.9494969367981,1011.84,1011.7223,1011.7993605297804,1.6599999999999997,1.6668166,1.6998509985208512,1000.0,1000.0,1000.0
32.7,32.825943,32.85326943397522,60.8,60.608067,60.23676630258561,1011.85,1011.74036,1011.8176836061477,1.5199999999999996,1.6815093,1.7168287542462348,1000.0,1000.0,1000.0
32.6,32.74959,32.773706388473514,61.1,60.855534,60.48819302320481,1011.86,1011.74493,1011.8183468592167,1.57,1.64682,1.6824880054593085,1000.0,1000.0,1000.0
32.2,32.667557,32.68951632380486,62.3,61.139996,60.79064809083939,1011.88,1011.7454,1011.8174092125893,1.61,1.6403635,1.677080579996109,1000.0,1000.0,1000.0
32.3,32.465984,32.4840333044529,62.5,61.829155,61.53017299175263,1011.88,1011.7639,1011.835728635788,1.87,1.6495234,1.6895886543393135,1000.0,1000.0,1000.0
32.3,32.35571,32.37083396613598,63.0,62.34422,62.114993774890905,1011.89,1011.7537,1011.8329895710945,1.5199999999999996,1.7326312,1.7767201283574103,1000.0,1000.0,1000.0
32.2,32.303448,32.31709995567799,63.2,62.650673,62.41855518817902,1011.85,1011.75415,1011.8285793846845,1.73,1.6723862,1.715694642663002,1000.0,1000.0,1000.0
32.3,32.23939,32.2499498218298,63.2,63.01331,62.81947642564774,1011.84,1011.74115,1011.8183894795179,1.98,1.7021538,1.747225193977356,1000.0,1000.0,1000.0
32.5,32.237335,32.24451793730259,62.8,63.223892,63.084824252128605,1011.88,1011.7121,1011.798629490137,1.75,1.7968142,1.8447641456127166,1000.0,1000.0,1000.0
32.4,32.34008,32.354729005694395,62.1,62.99822,62.83643734455109,1011.8,1011.7018,1011.7885459327698,1.93,1.7789303,1.8253705340623856,1000.0,1000.0,1000.0
32.4,32.406418,32.42171427607536,62.6,62.731213,62.572351300716406,1011.85,1011.6867,1011.7774760198593,1.4999999999999998,1.8285971,1.8752087846398353,1000.0,1000.0,1000.0
32.7,32.445873,32.465432751178746,62.2,62.530334,62.314325189590456,1011.82,1011.70105,1011.7825401234627,0.0,1.7233298,1.7664747431874275,1000.0,1000.0,1000.0
32.8,32.577896,32.521507376432425,61.0,61.933495,61.463470828533175,1011.85,1011.7358,1011.7694569087029,1.73,1.1957271,1.221547426879406,1000.0,1000.0,1000.0
33.0,32.643383,32.63719114661217,61.1,61.803596,61.406476092338565,1011.81,1011.705,1011.7573519313336,1.4999999999999998,1.3948305,1.4256427043676376,1000.0,1000.0,1000.0
32.9,32.76622,32.769058322906496,61.20000000000001,61.524063,61.12955770492554,1011.84,1011.6751,1011.7331707960367,0.0,1.4446348,1.475185332596302,1000.0,1000.0,1000.0
33.0,32.84207,32.72934121489525,61.1,61.13881,60.54388659000397,1011.85,1011.7285,1011.7495524162053,1.4999999999999998,1.023598,1.0414159467816353,1000.0,1000.0,1000.0
33.1,32.85481,32.80334609746933,60.70000000000001,61.328888,60.82267866134644,1011.88,1011.709,1011.7494261789321,1.6399999999999997,1.2123417,1.2360873693227767,1000.0,1000.0,1000.0
33.2,32.913445,32.907747083902365,60.9,61.268475,60.81901499032975,1011.81,1011.7028,1011.7599006253481,1.6399999999999997,1.3697838,1.397716032266617,1000.0,1000.0,1000.0
33.2,32.99493,33.01062762737274,60.49999999999999,61.19703,60.78389396667481,1011.8,1011.6839,1011.7528447329997,1.7699999999999996,1.4749682,1.504869493842125,1000.0,1000.0,1000.0
32.9,33.068928,33.09980122447014,61.4,61.035164,60.65372287034989,1011.78,1011.67114,1011.7513883364201,1.5400000000000005,1.5854427,1.6169357132911681,1000.0,1000.0,1000.0
32.8,33.00822,33.04008046984673,62.0,61.245502,60.8793069601059,1011.81,1011.68207,1011.7627740454674,1.5199999999999996,1.5890927,1.6220425179600715,1000.0,1000.0,1000.0
33.0,32.905792,32.9382171690464,61.4,61.640663,61.29971057176591,1011.81,1011.6972,1011.7780653977394,0.0,1.5864822,1.6216153293848037,1000.0,1000.0,1000.0
33.0,32.933117,32.85804696679116,61.20000000000001,61.376644,60.82765967845917,1011.8,1011.74084,1011.778532191515,0.0,1.116253,1.138079545646906,1000.0,1000.0,1000.0
33.2,32.916607,32.773216581344606,61.4,61.38838,60.72396421432496,1011.85,1011.75616,1011.7666074371338,0.0,0.8260629,0.8395290003716945,1000.0,1000.0,1000.0
33.4,32.93462,32.7956010222435,60.8,61.50105,60.76766170263291,1011.89,1011.75354,1011.7477266436815,0.0,0.6348267,0.6427191803604364,1000.0,1000.0,1000.0
33.5,33.019512,32.89884636998177,60.1,61.410057,60.61723667383195,1011.86,1011.7526,1011.7376865184307,0.0,0.5070038,0.5107990907132626,1000.0,1000.0,1000.0
33.6,33.132565,33.02229498624802,60.3,61.15706,60.3115842461586,1011.83,1011.7473,1011.7267704445123,1.4699999999999998,0.4231585,0.42364494517445567,1000.0,1000.0,1000.0
33.5,33.232132,33.065730291605,60.3,61.171944,60.483336496353154,1011.85,1011.67725,1011.6930192250013,1.45,0.799175,0.8091079254448413,1000.0,1000.0,1000.0
33.2,33.298897,33.18166661858559,60.70000000000001,61.09091,60.49049292802811,1011.83,1011.66187,1011.7015940237045,1.45,1.0380641,1.0539004570245742,1000.0,1000.0,1000.0
32.8,33.258694,33.205970108509064,62.3,61.199654,60.66718891859055,1011.81,1011.6793,1011.7344563055038,1.4999999999999998,1.1977473,1.2187903378903866,1000.0,1000.0,1000.0
33.1,33.058765,33.05233904123307,61.8,61.887764,61.4510056257248,1011.84,1011.7052,1011.7717239028216,0.0,1.3219507,1.3502941730618476,1000.0,1000.0,1000.0
33.3,33.0437,32.925514072179794,61.7,61.802124,61.20387909412384,1011.81,1011.7577,1011.790068898201,0.0,0.9429322,0.9614958907663822,1000.0,1000.0,1000.0
33.3,33.06315,32.92384120225907,61.6,61.832626,61.14271709918976,1011.77,1011.7596,1011.7711134177446,0.0,0.708579,0.7203315165638924,1000.0,1000.0,1000.0
33.3,33.070213,32.943570607900625,62.0,61.938126,61.198239755630496,1011.71,1011.73755,1011.7347810316086,1.5400000000000005,0.5576082,0.5645598714053631,1000.0,1000.0,1000.0
33.4,33.05587,32.898180538415914,61.8,62.37935,61.8251220703125,1011.77,1011.63684,1011.6658396500349,1.73,0.91575086,0.9324051164090633,1000.0,1000.0,1000.0
33.4,33.11997,33.056704574823385,61.0,62.448006,62.016711878776555,1011.81,1011.58124,1011.6377224284411,0.0,1.2024038,1.2263055899739266,1000.0,1000.0,1000.0
33.3,33.241745,33.0742744922638,61.20000000000001,61.831272,61.213135683536535,1011.78,1011.6413,1011.6684508538247,1.4999999999999998,0.86193186,0.8750999915599823,1000.0,1000.0,1000.0
32.9,33.237602,33.14107767939568,61.8,61.894928,61.37743258476258,1011.78,1011.62726,1011.6767833256721,1.6599999999999997,1.1023408,1.1222202813625335,1000.0,1000.0,1000.0
33.0,33.10103,33.084965425729756,62.3,62.2237,61.80955305099488,1011.85,1011.64276,1011.7095173406601,1.43,1.3055948,1.3331072859466075,1000.0,1000.0,1000.0
33.1,33.03364,33.03858808875084,62.2,62.403805,62.021561372280125,1011.79,1011.6734,1011.7463729417324,1.4999999999999998,1.364319,1.3950193709135055,1000.0,1000.0,1000.0
33.1,33.023018,33.04292045831681,61.9,62.460907,62.107301402091984,1011.78,1011.6725,1011.7514756065607,1.59,1.4274603,1.4600980603694915,1000.0,1000.0,1000.0
33.1,33.033543,33.065207958221436,62.4,62.386513,62.056332135200506,1011.81,1011.6643,1011.74902392447,1.5199999999999996,1.4974893,1.5315013900399208,1000.0,1000.0,1000.0
33.1,33.031857,33.06755813956261,62.0,62.420486,62.101700043678285,1011.79,1011.6647,1011.7520024746656,0.0,1.5216068,1.556379724442959,1000.0,1000.0,1000.0
33.1,33.06677,32.978283774852756,61.7,62.049397,61.52316285371781,1011.78,1011.71375,1011.7593765985965,0.0,1.0719508,1.0940228006243706,1000.0,1000.0,1000.0
33.1,33.05172,32.9055321097374,62.7,61.969097,61.32611165046692,1011.77,1011.7343,1011.7533046263457,1.6399999999999997,0.79442036,0.8085527409613132,1000.0,1000.0,1000.0
32.9,32.967655,32.88246270418168,62.9,62.595444,62.12770092487336,1011.81,1011.66907,1011.716262307763,1.4999999999999998,1.1057961,1.1297803409397602,1000.0,1000.0,1000.0
32.9,32.885513,32.85661453604698,62.7,62.998955,62.620882105827334,1011.71,1011.6594,1011.720878289342,1.73,1.2584817,1.2882354372739793,1000.0,1000.0,1000.0
32.8,32.861385,32.87713094949723,63.3,63.17822,62.88501456975937,1011.68,1011.62585,1011.7022958379983,0.0,1.4310501,1.4656947126984596,1000.0,1000.0,1000.0
33.1,32.852257,32.72903636097908,63.5,63.048954,62.57916872501374,1011.7,1011.65607,1011.6929002940655,0.0,1.012298,1.034625201523304,1000.0,1000.0,1000.0
33.0,32.879417,32.70920937657357,62.0,63.135105,62.56778032779694,1011.67,1011.64795,1011.6616592073441,1.4699999999999998,0.751051,0.7652941405773163,1000.0,1000.0,1000.0
33.1,32.88157,32.74094926118851,61.7,63.15703,62.70698364973069,1011.7,1011.5855,1011.6211053818464,1.57,1.019887,1.040925652831793,1000.0,1000.0,1000.0
33.3,32.95414,32.88998328447342,61.9,62.868656,62.482104301452644,1011.64,1011.549,1011.6015690475703,0.0,1.2192283,1.2444664599001407,1000.0,1000.0,1000.0
33.2,33.095463,32.904326087236406,61.4,62.280853,61.7145036816597,1011.65,1011.5642,1011.5854804927111,1.5199999999999996,0.8749327,0.8880507853627205,1000.0,1000.0,1000.0
33.2,33.120937,33.004956579208375,61.0,62.210327,61.73995666503907,1011.65,1011.52704,1011.5694378054142,1.45,1.1174968,1.1367205932736397,1000.0,1000.0,1000.0
33.3,33.15732,33.09699631333351,61.0,61.944633,61.50951393842698,1011.63,1011.51526,1011.5681482368708,1.43,1.2483968,1.2701646286249162,1000.0,1000.0,1000.0
33.3,33.21454,33.18333821296692,60.6,61.6731,61.252401459217076,1011.69,1011.504,1011.5636511862277,1.59,1.3299106,1.3525797122716903,1000.0,1000.0,1000.0
33.5,33.256355,33.256126230955125,60.8,61.381077,60.9785615682602,1011.68,1011.51514,1011.5839542800188,1.7,1.4324495,1.4568780796229839,1000.0,1000.0,1000.0
33.3,33.326866,33.34759261012078,60.1,61.174633,60.79601312875748,1010.91,1011.511,1011.5901878035069,0.0,1.5343229,1.5599082699418068,1000.0,1000.0,1000.0
33.5,33.374027,33.20533233880997,59.10000000000001,60.766,60.216102325916296,1010.89,1011.37665,1011.4048000466823,1.87,1.1073775,1.116988426297903,1000.0,1000.0,1000.0
33.5,33.446712,33.38451246023178,59.4,60.566036,60.15429326295853,1010.83,1011.137,1011.1790167683363,1.93,1.4031463,1.4143336321413518,1000.0,1000.0,1000.0
33.6,33.500134,33.478015238046645,59.60000000000001,60.398094,60.084972584247595,1010.85,1010.9336,1010.9824819761515,1.98,1.6073947,1.6184618458151818,1000.0,1000.0,1000.0
33.9,33.56539,33.55375612974167,58.99999999999999,60.23975,59.992723894119266,1010.86,1010.7916,1010.8464454838634,1.57,1.7530578,1.763721849322319,1000.0,1000.0,1000.0
34.1,33.714256,33.692290550470354,58.60000000000001,59.733044,59.44611529111862,1010.96,1010.71265,1010.7604433986544,1.84,1.7152652,1.720291427373886,1000.0,1000.0,1000.0
34.2,33.855915,33.83907452225685,57.79999999999999,59.297497,59.00363892316819,1010.86,1010.6871,1010.7406618961692,1.5199999999999996,1.7719857,1.774881771504879,1000.0,1000.0,1000.0
34.0,33.993595,33.96609783768654,57.89999999999999,58.726562,58.36806585192681,1010.95,1010.68353,1010.7313440835476,1.5199999999999996,1.7100091,1.707506474852562,1000.0,1000.0,1000.0
34.3,34.002426,33.97002522349358,57.79999999999999,58.49272,58.09756644964219,1010.96,1010.7323,1010.7775769627094,1.59,1.6726091,1.6692594408988952,1000.0,1000.0,1000.0
34.6,34.07061,34.03879465460778,56.79999999999999,58.2649,57.84670732021332,1010.89,1010.76025,1010.8076932793855,1.7,1.6689124,1.6638204181194305,1000.0,1000.0,1000.0
34.8,34.22637,34.197381830215456,56.2,57.77521,57.33261775374413,1010.9400000000002,1010.75464,1010.8066797280311,1.4999999999999998,1.7018893,1.6911908346414566,1000.0,1000.0,1000.0
35.1,34.40684,34.36777922511101,55.5,57.15,56.642011195421226,1010.9,1010.7696,1010.8202179652452,1.5199999999999996,1.6626451,1.6420234468579293,1000.0,1000.0,1000.0
35.4,34.622856,34.57469276189804,55.7,56.485703,55.91971026062966,1010.84,1010.76294,1010.8137873736024,1.45,1.6472881,1.6102904585003852,1000.0,1000.0,1000.0
35.5,34.833466,34.77293900847435,55.3,56.060745,55.44865880608559,1010.88,1010.73334,1010.7839192694425,1.5400000000000005,1.6205057,1.561974770128727,1000.0,1000.0,1000.0
35.7,35.00126,34.93894791007042,53.5,55.745327,55.105236595869066,1010.8200000000002,1010.72473,1010.7785830047726,1.6599999999999997,1.6315532,1.5459324377775192,1000.0,1000.0,1000.0
35.4,35.214954,35.15117917060852,52.6,55.046516,54.37179729938507,1010.75,1010.70715,1010.7629488635063,2.07,1.675611,1.5325780194997787,1000.0,1000.0,1000.0
35.2,35.295105,35.24363536834717,53.6,54.488987,53.84830203652382,1010.71,1010.6909,1010.7546539381146,1.5199999999999996,1.8335137,1.6325604969263077,1000.0,1000.0,1000.0
35.2,35.240864,35.182241106033324,53.8,54.36806,53.70987642705441,1010.71,1010.69086,1010.747063871324,1.7699999999999996,1.772456,1.6039513584971428,1000.0,1000.0,1000.0
34.8,35.172787,35.1190668284893,54.8,54.45295,53.82229913324118,1010.7000000000002,1010.6665,1010.7239951258897,1.75,1.8122447,1.6641870898008346,1000.0,1000.0,1000.0
34.7,34.96458,34.919917500019075,55.6,54.977238,54.39458710551262,1010.69,1010.65674,1010.7147183099389,1.4699999999999998,1.8327354,1.7394031623005868,1000.0,1000.0,1000.0
34.8,34.76388,34.71662840843201,55.3,55.57147,55.00928414463997,1010.69,1010.64386,1010.6936541393399,1.75,1.7600521,1.7057311341166497,1000.0,1000.0,1000.0
34.8,34.668583,34.62634955644608,55.5,55.891346,55.37281205952168,1010.71,1010.60455,1010.6548051258922,1.45,1.7952524,1.7520588693022727,1000.0,1000.0,1000.0
34.9,34.614235,34.56199986934662,54.9,56.04254,55.51178064346314,1010.69,1010.5865,1010.6283744505048,1.7,1.7227818,1.6862084555625916,1000.0,1000.0,1000.0
34.6,34.635723,34.58455268144608,55.1,55.94599,55.42428227663041,1010.73,1010.55365,1010.5959158438444,1.43,1.7502785,1.711740336716175,1000.0,1000.0,1000.0
34.5,34.56955,34.507718014717106,54.6,55.938976,55.39309078454971,1010.77,1010.5721,1010.6064185008406,1.6799999999999995,1.6842562,1.6506448727846146,1000.0,1000.0,1000.0
34.7,34.50833,34.45168356895447,55.0,55.837406,55.297668647766116,1010.74,1010.5944,1010.6290971690416,1.7699999999999996,1.7152193,1.6845614677667617,1000.0,1000.0,1000.0
34.8,34.509964,34.4587219953537,54.8,55.764114,55.239191281795506,1010.75,1010.5857,1010.6233830043673,0.0,1.7613547,1.7301574662327766,1000.0,1000.0,1000.0
34.8,34.53947,34.253034251928334,54.8,55.41992,54.67227880954743,1010.74,1010.6495,1010.642463504374,1.61,1.2649653,1.2294601446390152,1000.0,1000.0,1000.0
34.6,34.545467,34.382059526443484,55.3,55.521076,54.84508852362633,1010.6799999999998,1010.6154,1010.6222834005952,1.45,1.4216242,1.3873698748648167,1000.0,1000.0,1000.0
34.8,34.476826,34.34307840466499,55.1,55.77468,55.138848438858986,1010.63,1010.5977,1010.6078813919424,1.5199999999999996,1.472513,1.4421818464994431,1000.0,1000.0,1000.0
34.8,34.50749,34.39572756886482,55.1,55.801125,55.19319652616978,1010.59,1010.55554,1010.5699245634675,1.9599999999999995,1.5276673,1.4963795448839665,1000.0,1000.0,1000.0
34.5,34.540565,34.47447937130928,54.0,55.84569,55.31291589140892,1010.61,1010.4988,1010.527463580966,2.37,1.6976799,1.665376184284687,1000.0,1000.0,1000.0
34.5,34.525856,34.48386479020119,53.3,55.655582,55.20582560598851,1010.6,1010.47894,1010.5253199827671,2.34,1.9327657,1.8992318493127822,1000.0,1000.0,1000.0
34.3,34.549526,34.5103322327137,54.2,55.169415,54.74745334386826,1010.5800000000002,1010.47095,1010.5256408527493,1.91,2.0767353,2.036721233725548,1000.0,1000.0,1000.0
34.3,34.47973,34.4359893321991,54.3,55.01333,54.57219373881817,1010.6,1010.4826,1010.5302633288502,2.03,2.0443046,2.0097906804084777,1000.0,1000.0,1000.0
34.3,34.407703,34.362718522548676,54.3,54.990654,54.55881507992745,1010.6,1010.48267,1010.528635842204,1.6599999999999997,2.0634632,2.0334884890913965,1000.0,1000.0,1000.0
34.4,34.348373,34.295825409889225,53.9,54.926525,54.45315801501275,1010.6,1010.49005,1010.5237326809763,1.7699999999999996,1.9622129,1.9357676297426223,1000.0,1000.0,1000.0
34.5,34.33741,34.28012224435806,53.7,54.792046,54.30063898265362,1010.53,1010.4798,1010.5079430770874,1.7699999999999996,1.930996,1.9044298756122588,1000.0,1000.0,1000.0
34.3,34.361893,34.29944666624069,53.3,54.62232,54.117438551783565,1010.53,1010.4455,1010.4688685819507,1.87,1.9110736,1.8825075861811638,1000.0,1000.0,1000.0
34.3,34.336235,34.271452403068544,53.8,54.478664,53.975554732978345,1010.5800000000002,1010.4289,1010.4500843945145,2.16,1.9288545,1.9007456642389298,1000.0,1000.0,1000.0
34.2,34.29793,34.23749499320984,54.1,54.53155,54.07307043373585,1010.49,1010.4153,1010.4435659238695,1.9599999999999995,2.0271056,2.0010557183623314,1000.0,1000.0,1000.0
